,SMB,HML,Regression L2_SMB_return,Regression L1_SMB_return,SVM_SMB_return,RF_SMB_return,MLP_SMB_return,KNN_SMB_return,LSTM_SMB_return,GB_SMB_return,AdaB_SMB_return,GRU_12_SMB_return,Regression L2_HML_return,Regression L1_HML_return,SVM_HML_return,RF_HML_return,MLP_HML_return,KNN_HML_return,LSTM_HML_return,GB_HML_return,Adab_HML_return,GRU_12_HML_return,Regression L2_SMB_or_HML_return,Regression L1_SMB_or_HML_return,SVM_SMB_or_HML_return,RF_SMB_or_HML_return,MLP_SMB_or_HML_return,KNN_SMB_or_HML_return,LSTM_SMB_or_HML_return,GB_SMB_or_HML_return,Adab_SMB_or_HML_return,GRU_12_SMB_or_HML_return
198810,-0.029,0.0171,-0.029,-0.029,-0.029,-0.029,0.029,0.029,0.029,0.029,0.029,-0.029,0.0171,0.0171,0.0171,0.0171,0.0171,0.0171,0.0171,0.0171,0.0171,0.0171,0.0171,0.0171,0.0171,0.0171,0.0171,0.0171,0.0171,0.0171,0.0171,0.0171
198811,-0.0174,0.0124,-0.0174,-0.0174,-0.0174,-0.0174,0.0174,0.0174,0.0174,0.0174,0.0174,-0.0174,0.0124,0.0124,0.0124,0.0124,0.0124,0.0124,0.0124,0.0124,0.0124,0.0124,0.0124,0.0124,0.0124,0.0124,0.0124,-0.0174,0.0124,0.0124,0.0124,0.0124
198812,0.0195,-0.0155,0.0195,-0.0195,0.0195,-0.0195,-0.0195,-0.0195,-0.0195,-0.0195,-0.0195,0.0195,-0.0155,-0.0155,-0.0155,-0.0155,-0.0155,-0.0155,-0.0155,0.0155,-0.0155,-0.0155,-0.0155,-0.0155,-0.0155,-0.0155,-0.0155,0.0195,-0.0155,-0.0155,-0.0155,-0.0155
198901,-0.0214,0.0051,-0.0214,-0.0214,-0.0214,-0.0214,0.0214,0.0214,0.0214,-0.0214,-0.0214,-0.0214,0.0051,0.0051,0.0051,0.0051,0.0051,0.0051,0.0051,0.0051,-0.0051,0.0051,0.0051,0.0051,0.0051,0.0051,0.0051,0.0051,0.0051,0.0051,-0.0214,0.0051
198902,0.0276,0.0087,0.0276,0.0276,0.0276,0.0276,-0.0276,-0.0276,-0.0276,-0.0276,-0.0276,0.0276,0.0087,0.0087,0.0087,0.0087,0.0087,0.0087,0.0087,0.0087,-0.0087,0.0087,0.0087,0.0087,0.0087,0.0087,0.0087,0.0087,0.0087,0.0087,0.0087,0.0087
198903,0.0074,0.0046,-0.0074,-0.0074,-0.0074,-0.0074,-0.0074,-0.0074,-0.0074,-0.0074,-0.0074,0.0074,0.0046,0.0046,0.0046,0.0046,0.0046,0.0046,0.0046,0.0046,-0.0046,0.0046,0.0046,0.0046,0.0046,0.0046,0.0046,0.0046,0.0046,0.0046,0.0046,0.0046
198904,-0.0059,-0.0145,0.0059,0.0059,0.0059,0.0059,0.0059,0.0059,0.0059,0.0059,0.0059,-0.0059,-0.0145,-0.0145,-0.0145,-0.0145,-0.0145,-0.0145,-0.0145,-0.0145,-0.0145,-0.0145,-0.0145,-0.0145,-0.0145,-0.0145,-0.0145,-0.0145,-0.0145,-0.0145,-0.0145,-0.0145
198905,-0.0004,-0.0082,0.0004,0.0004,0.0004,0.0004,0.0004,0.0004,0.0004,-0.0004,0.0004,-0.0004,-0.0082,-0.0082,-0.0082,-0.0082,-0.0082,-0.0082,-0.0082,-0.0082,-0.0082,-0.0082,-0.0082,-0.0082,-0.0082,-0.0082,-0.0082,-0.0004,-0.0082,-0.0004,-0.0004,-0.0082
198906,-0.0101,0.0219,0.0101,0.0101,0.0101,0.0101,0.0101,0.0101,-0.0101,0.0101,0.0101,-0.0101,0.0219,0.0219,0.0219,0.0219,0.0219,0.0219,0.0219,0.0219,-0.0219,0.0219,0.0219,0.0219,0.0219,0.0219,-0.0101,0.0219,0.0219,0.0219,-0.0101,0.0219
198907,-0.0402,-0.0284,0.0402,0.0402,0.0402,0.0402,0.0402,0.0402,-0.0402,0.0402,0.0402,-0.0402,-0.0284,-0.0284,-0.0284,-0.0284,-0.0284,-0.0284,-0.0284,-0.0284,-0.0284,-0.0284,-0.0284,-0.0284,-0.0284,-0.0284,-0.0402,-0.0402,-0.0284,-0.0284,-0.0284,-0.0284
198908,0.005,0.0072,-0.005,0.005,-0.005,0.005,-0.005,-0.005,0.005,-0.005,-0.005,0.005,0.0072,0.0072,0.0072,0.0072,0.0072,0.0072,0.0072,0.0072,0.0072,0.0072,0.0072,0.0072,0.0072,0.0072,0.005,0.005,0.0072,0.0072,0.0072,0.0072
198909,0.0028,-0.0134,-0.0028,-0.0028,-0.0028,-0.0028,-0.0028,-0.0028,0.0028,-0.0028,-0.0028,0.0028,-0.0134,-0.0134,-0.0134,-0.0134,-0.0134,-0.0134,-0.0134,-0.0134,0.0134,-0.0134,-0.0134,-0.0134,-0.0134,-0.0134,0.0028,-0.0134,-0.0134,-0.0134,-0.0134,-0.0134
198910,-0.033,-0.0103,0.033,0.033,0.033,0.033,0.033,0.033,0.033,-0.033,0.033,0.033,-0.0103,-0.0103,-0.0103,-0.0103,-0.0103,-0.0103,-0.0103,-0.0103,-0.0103,-0.0103,-0.0103,-0.0103,-0.0103,-0.0103,-0.033,-0.033,-0.0103,-0.033,-0.0103,-0.0103
198911,-0.0124,-0.0112,0.0124,0.0124,0.0124,0.0124,0.0124,0.0124,0.0124,0.0124,-0.0124,0.0124,-0.0112,-0.0112,-0.0112,-0.0112,-0.0112,-0.0112,-0.0112,0.0112,0.0112,-0.0112,-0.0112,-0.0112,-0.0112,-0.0112,-0.0124,-0.0112,-0.0112,-0.0124,-0.0112,-0.0112
198912,-0.0241,0.0028,0.0241,0.0241,0.0241,0.0241,0.0241,0.0241,0.0241,-0.0241,0.0241,0.0241,0.0028,0.0028,0.0028,0.0028,0.0028,0.0028,0.0028,-0.0028,-0.0028,0.0028,0.0028,0.0028,0.0028,0.0028,-0.0241,-0.0241,0.0028,-0.0241,-0.0241,0.0028
199001,-0.0129,0.0087,0.0129,0.0129,0.0129,0.0129,0.0129,0.0129,0.0129,0.0129,-0.0129,0.0129,0.0087,0.0087,0.0087,0.0087,0.0087,0.0087,0.0087,0.0087,-0.0087,0.0087,0.0087,0.0087,0.0087,0.0087,-0.0129,0.0087,0.0087,-0.0129,-0.0129,0.0087
199002,0.0103,0.0061,-0.0103,-0.0103,-0.0103,-0.0103,-0.0103,-0.0103,-0.0103,-0.0103,0.0103,-0.0103,0.0061,0.0061,0.0061,0.0061,0.0061,0.0061,0.0061,0.0061,0.0061,0.0061,0.0061,0.0061,0.0061,0.0061,0.0103,0.0061,0.0061,0.0061,0.0061,0.0061
199003,0.0152,-0.029,-0.0152,-0.0152,-0.0152,-0.0152,-0.0152,-0.0152,-0.0152,0.0152,-0.0152,-0.0152,-0.029,-0.029,-0.029,-0.029,-0.029,-0.029,-0.029,-0.029,-0.029,-0.029,-0.029,-0.029,-0.029,-0.029,0.0152,-0.029,-0.029,0.0152,-0.029,-0.029
199004,-0.005,-0.0255,0.005,0.005,0.005,-0.005,0.005,0.005,0.005,0.005,0.005,0.005,-0.0255,-0.0255,-0.0255,-0.0255,-0.0255,-0.0255,-0.0255,-0.0255,-0.0255,-0.0255,-0.0255,-0.0255,-0.0255,-0.0255,-0.005,-0.0255,-0.0255,-0.0255,-0.0255,-0.0255
199005,-0.0257,-0.0374,0.0257,0.0257,0.0257,0.0257,0.0257,0.0257,0.0257,-0.0257,0.0257,0.0257,-0.0374,-0.0374,-0.0374,-0.0374,-0.0374,-0.0374,-0.0374,0.0374,0.0374,-0.0374,-0.0374,-0.0374,-0.0374,-0.0374,-0.0257,-0.0374,-0.0374,-0.0374,-0.0374,-0.0374
199006,0.0143,-0.0194,0.0143,0.0143,0.0143,-0.0143,-0.0143,-0.0143,-0.0143,0.0143,-0.0143,-0.0143,-0.0194,-0.0194,-0.0194,-0.0194,-0.0194,-0.0194,-0.0194,-0.0194,0.0194,-0.0194,-0.0194,-0.0194,-0.0194,-0.0194,-0.0194,-0.0194,-0.0194,-0.0194,-0.0194,-0.0194
199007,-0.0321,-0.0001,0.0321,0.0321,0.0321,0.0321,-0.0321,0.0321,0.0321,0.0321,0.0321,0.0321,-0.0001,-0.0001,-0.0001,-0.0001,-0.0001,0.0001,-0.0001,0.0001,0.0001,-0.0001,-0.0001,-0.0001,-0.0001,-0.0001,-0.0001,-0.0001,-0.0001,-0.0001,-0.0001,-0.0001
199008,-0.0358,0.0158,0.0358,0.0358,0.0358,0.0358,-0.0358,0.0358,0.0358,0.0358,-0.0358,0.0358,0.0158,0.0158,0.0158,0.0158,0.0158,-0.0158,0.0158,0.0158,0.0158,0.0158,0.0158,0.0158,0.0158,0.0158,0.0158,0.0158,0.0158,0.0158,-0.0358,0.0158
199009,-0.0367,0.0073,0.0367,0.0367,0.0367,0.0367,-0.0367,0.0367,0.0367,0.0367,0.0367,0.0367,0.0073,0.0073,0.0073,0.0073,0.0073,0.0073,0.0073,0.0073,0.0073,0.0073,0.0073,0.0073,0.0073,0.0073,0.0073,-0.0367,0.0073,0.0073,0.0073,0.0073
199010,-0.0551,0.0022,0.0551,0.0551,0.0551,0.0551,-0.0551,0.0551,0.0551,0.0551,0.0551,0.0551,0.0022,0.0022,0.0022,0.0022,0.0022,0.0022,0.0022,0.0022,-0.0022,0.0022,0.0022,0.0022,0.0022,0.0022,0.0022,-0.0551,0.0022,0.0022,0.0022,0.0022
199011,0.0033,-0.0316,-0.0033,-0.0033,-0.0033,-0.0033,0.0033,-0.0033,-0.0033,-0.0033,-0.0033,-0.0033,-0.0316,-0.0316,-0.0316,-0.0316,-0.0316,-0.0316,-0.0316,-0.0316,-0.0316,-0.0316,-0.0316,-0.0316,-0.0316,-0.0316,-0.0316,-0.0316,-0.0316,-0.0316,-0.0316,-0.0316
199012,0.0079,-0.0154,0.0079,0.0079,0.0079,0.0079,0.0079,-0.0079,0.0079,0.0079,-0.0079,-0.0079,-0.0154,-0.0154,-0.0154,-0.0154,-0.0154,0.0154,-0.0154,-0.0154,-0.0154,-0.0154,0.0079,-0.0154,-0.0154,0.0079,-0.0154,-0.0154,0.0079,0.0079,-0.0154,-0.0154
199101,0.0379,-0.0184,0.0379,0.0379,0.0379,0.0379,0.0379,-0.0379,0.0379,-0.0379,-0.0379,-0.0379,-0.0184,-0.0184,-0.0184,-0.0184,-0.0184,0.0184,-0.0184,-0.0184,-0.0184,-0.0184,0.0379,-0.0184,-0.0184,-0.0184,-0.0184,0.0379,0.0379,-0.0184,-0.0184,-0.0184
199102,0.0395,-0.0054,0.0395,0.0395,0.0395,0.0395,0.0395,-0.0395,0.0395,-0.0395,-0.0395,0.0395,-0.0054,-0.0054,-0.0054,-0.0054,-0.0054,0.0054,-0.0054,-0.0054,-0.0054,-0.0054,0.0395,-0.0054,-0.0054,0.0395,-0.0054,-0.0054,0.0395,-0.0054,-0.0054,-0.0054
199103,0.0389,-0.0123,0.0389,0.0389,0.0389,0.0389,-0.0389,-0.0389,0.0389,-0.0389,-0.0389,0.0389,-0.0123,-0.0123,-0.0123,-0.0123,-0.0123,0.0123,-0.0123,-0.0123,0.0123,-0.0123,0.0389,-0.0123,-0.0123,0.0389,-0.0123,0.0389,0.0389,-0.0123,-0.0123,-0.0123
199104,0.005,0.0142,0.005,0.005,0.005,0.005,-0.005,-0.005,0.005,-0.005,-0.005,0.005,0.0142,0.0142,0.0142,0.0142,0.0142,-0.0142,0.0142,-0.0142,-0.0142,0.0142,0.005,0.0142,0.0142,0.0142,0.0142,0.0142,0.005,0.0142,0.005,0.0142
199105,-0.0034,-0.0057,-0.0034,-0.0034,-0.0034,0.0034,0.0034,0.0034,-0.0034,-0.0034,0.0034,-0.0034,-0.0057,-0.0057,-0.0057,-0.0057,-0.0057,0.0057,-0.0057,-0.0057,-0.0057,-0.0057,-0.0057,-0.0057,-0.0057,-0.0057,-0.0057,-0.0057,-0.0034,-0.0034,-0.0057,-0.0057
199106,0.0007,0.0121,0.0007,0.0007,0.0007,0.0007,-0.0007,-0.0007,0.0007,0.0007,0.0007,0.0007,0.0121,0.0121,0.0121,0.0121,-0.0121,0.0121,0.0121,-0.0121,-0.0121,0.0121,0.0121,0.0121,0.0121,0.0121,0.0121,0.0007,0.0121,0.0007,0.0007,0.0121
199107,-0.0093,-0.0125,0.0093,0.0093,0.0093,0.0093,0.0093,0.0093,-0.0093,0.0093,0.0093,0.0093,-0.0125,-0.0125,-0.0125,-0.0125,0.0125,0.0125,-0.0125,-0.0125,-0.0125,-0.0125,-0.0125,-0.0125,-0.0125,-0.0125,-0.0125,-0.0125,-0.0125,-0.0125,-0.0125,-0.0125
199108,0.0159,-0.0078,0.0159,0.0159,0.0159,0.0159,-0.0159,-0.0159,-0.0159,-0.0159,-0.0159,-0.0159,-0.0078,-0.0078,-0.0078,-0.0078,0.0078,0.0078,-0.0078,-0.0078,-0.0078,-0.0078,-0.0078,-0.0078,-0.0078,-0.0078,-0.0078,-0.0078,-0.0078,-0.0078,-0.0078,-0.0078
199109,0.0163,-0.01,0.0163,0.0163,0.0163,-0.0163,-0.0163,-0.0163,-0.0163,0.0163,0.0163,-0.0163,-0.01,-0.01,-0.01,-0.01,0.01,0.01,-0.01,-0.01,-0.01,-0.01,-0.01,-0.01,-0.01,0.0163,-0.01,-0.01,-0.01,0.0163,-0.01,-0.01
199110,0.009,-0.0043,0.009,0.009,0.009,-0.009,-0.009,-0.009,-0.009,0.009,0.009,0.009,0.0043,0.0043,-0.0043,-0.0043,0.0043,0.0043,0.0043,-0.0043,-0.0043,0.0043,-0.0043,-0.0043,-0.0043,-0.0043,-0.0043,-0.0043,0.009,-0.0043,-0.0043,0.009
199111,-0.0048,-0.0193,-0.0048,-0.0048,-0.0048,-0.0048,0.0048,0.0048,0.0048,-0.0048,-0.0048,-0.0048,0.0193,0.0193,-0.0193,-0.0193,0.0193,-0.0193,0.0193,-0.0193,-0.0193,0.0193,-0.0048,-0.0048,-0.0193,-0.0193,-0.0193,-0.0193,-0.0048,-0.0193,-0.0193,-0.0048
199112,-0.0224,-0.0403,-0.0224,-0.0224,-0.0224,0.0224,0.0224,0.0224,0.0224,-0.0224,-0.0224,-0.0224,-0.0403,0.0403,-0.0403,-0.0403,0.0403,-0.0403,0.0403,-0.0403,-0.0403,-0.0403,-0.0403,-0.0403,-0.0403,-0.0403,-0.0403,-0.0403,-0.0224,-0.0224,-0.0403,-0.0224
199201,0.0847,0.0451,0.0847,0.0847,0.0847,0.0847,-0.0847,0.0847,0.0847,0.0847,0.0847,0.0847,-0.0451,-0.0451,0.0451,0.0451,-0.0451,0.0451,-0.0451,-0.0451,0.0451,-0.0451,0.0847,0.0847,0.0451,0.0451,0.0451,0.0451,0.0847,0.0451,0.0451,0.0847
199202,0.0088,0.0637,0.0088,0.0088,0.0088,0.0088,-0.0088,-0.0088,-0.0088,0.0088,0.0088,0.0088,0.0637,0.0637,0.0637,0.0637,-0.0637,0.0637,-0.0637,0.0637,0.0637,0.0637,0.0088,0.0088,0.0637,0.0637,0.0637,0.0637,0.0088,0.0637,0.0637,0.0088
199203,-0.0103,0.0365,-0.0103,-0.0103,-0.0103,-0.0103,0.0103,-0.0103,-0.0103,-0.0103,0.0103,-0.0103,0.0365,0.0365,0.0365,0.0365,-0.0365,0.0365,-0.0365,-0.0365,-0.0365,0.0365,0.0365,0.0365,0.0365,0.0365,0.0365,0.0365,-0.0103,-0.0103,0.0365,-0.0103
199204,-0.0612,0.0431,-0.0612,-0.0612,-0.0612,0.0612,0.0612,0.0612,-0.0612,-0.0612,0.0612,-0.0612,0.0431,0.0431,0.0431,0.0431,-0.0431,0.0431,0.0431,0.0431,0.0431,0.0431,0.0431,0.0431,0.0431,0.0431,0.0431,0.0431,-0.0612,0.0431,0.0431,0.0431
199205,0.0039,0.0128,0.0039,0.0039,-0.0039,0.0039,-0.0039,-0.0039,0.0039,0.0039,0.0039,0.0039,0.0128,0.0128,0.0128,0.0128,-0.0128,0.0128,0.0128,-0.0128,-0.0128,0.0128,0.0128,0.0039,0.0128,0.0128,0.0128,0.0128,0.0039,0.0128,0.0128,0.0039
199206,-0.0309,0.034,-0.0309,-0.0309,-0.0309,0.0309,0.0309,0.0309,-0.0309,-0.0309,0.0309,-0.0309,0.034,0.034,0.034,0.034,0.034,0.034,0.034,0.034,-0.034,0.034,0.034,-0.0309,0.034,0.034,-0.0309,0.034,-0.0309,-0.0309,0.034,-0.0309
199207,-0.0044,-0.0053,0.0044,-0.0044,0.0044,0.0044,0.0044,0.0044,-0.0044,0.0044,-0.0044,-0.0044,-0.0053,-0.0053,-0.0053,-0.0053,-0.0053,-0.0053,-0.0053,-0.0053,-0.0053,-0.0053,-0.0053,-0.0053,-0.0053,-0.0053,-0.0044,-0.0053,-0.0044,-0.0053,-0.0053,-0.0053
199208,-0.0012,-0.0103,-0.0012,-0.0012,0.0012,-0.0012,0.0012,0.0012,-0.0012,-0.0012,0.0012,-0.0012,-0.0103,-0.0103,-0.0103,-0.0103,-0.0103,-0.0103,-0.0103,-0.0103,0.0103,-0.0103,-0.0103,-0.0012,-0.0103,-0.0103,-0.0012,-0.0103,-0.0012,-0.0012,-0.0103,-0.0012
199209,0.0056,-0.0021,-0.0056,-0.0056,-0.0056,-0.0056,-0.0056,-0.0056,0.0056,-0.0056,-0.0056,0.0056,-0.0021,-0.0021,-0.0021,-0.0021,-0.0021,-0.0021,-0.0021,0.0021,0.0021,-0.0021,-0.0021,-0.0021,-0.0021,-0.0021,0.0056,-0.0021,0.0056,0.0056,-0.0021,-0.0021
199210,0.0205,-0.021,0.0205,0.0205,-0.0205,0.0205,-0.0205,-0.0205,-0.0205,0.0205,-0.0205,-0.0205,-0.021,-0.021,-0.021,-0.021,-0.021,-0.021,-0.021,-0.021,-0.021,0.021,0.0205,0.0205,-0.021,-0.021,0.0205,0.0205,0.0205,-0.021,-0.021,0.0205
199211,0.037,-0.0148,0.037,0.037,0.037,0.037,-0.037,-0.037,0.037,0.037,0.037,0.037,0.0148,0.0148,-0.0148,-0.0148,-0.0148,-0.0148,-0.0148,-0.0148,-0.0148,0.0148,0.037,0.037,-0.0148,-0.0148,0.037,-0.0148,0.037,0.037,-0.0148,0.037
199212,0.0164,0.0252,0.0164,0.0164,0.0164,0.0164,-0.0164,-0.0164,0.0164,0.0164,0.0164,0.0164,0.0252,-0.0252,0.0252,0.0252,0.0252,0.0252,0.0252,-0.0252,0.0252,-0.0252,0.0164,0.0164,0.0252,0.0252,0.0164,0.0252,0.0164,0.0164,0.0164,0.0252
199301,0.0203,0.0587,0.0203,0.0203,0.0203,0.0203,-0.0203,0.0203,0.0203,0.0203,0.0203,0.0203,0.0587,0.0587,0.0587,0.0587,0.0587,0.0587,0.0587,0.0587,-0.0587,0.0587,0.0203,0.0203,0.0587,0.0587,0.0203,0.0587,0.0203,0.0587,0.0587,0.0203
199302,-0.0343,0.0642,0.0343,-0.0343,0.0343,-0.0343,0.0343,0.0343,-0.0343,-0.0343,0.0343,-0.0343,0.0642,0.0642,0.0642,0.0642,0.0642,0.0642,0.0642,-0.0642,0.0642,0.0642,0.0642,0.0642,0.0642,0.0642,-0.0343,0.0642,-0.0343,-0.0343,0.0642,0.0642
199303,0.0023,0.0122,-0.0023,-0.0023,-0.0023,-0.0023,-0.0023,0.0023,0.0023,-0.0023,-0.0023,-0.0023,0.0122,0.0122,0.0122,0.0122,0.0122,0.0122,0.0122,0.0122,0.0122,0.0122,0.0122,0.0122,0.0122,0.0122,0.0023,0.0122,0.0023,0.0122,0.0122,0.0122
199304,-0.007,0.0261,0.007,0.007,0.007,-0.007,0.007,0.007,-0.007,-0.007,0.007,0.007,0.0261,0.0261,0.0261,0.0261,0.0261,0.0261,0.0261,0.0261,0.0261,0.0261,0.0261,-0.007,0.0261,0.0261,-0.007,0.0261,-0.007,0.0261,-0.007,0.0261
199305,0.0196,-0.0341,-0.0196,0.0196,-0.0196,-0.0196,-0.0196,-0.0196,-0.0196,0.0196,-0.0196,0.0196,-0.0341,-0.0341,-0.0341,-0.0341,-0.0341,-0.0341,-0.0341,-0.0341,-0.0341,-0.0341,-0.0341,-0.0341,-0.0341,-0.0341,0.0196,-0.0341,0.0196,0.0196,0.0196,-0.0341
199306,-0.0031,0.0262,-0.0031,-0.0031,-0.0031,-0.0031,-0.0031,-0.0031,0.0031,0.0031,0.0031,-0.0031,-0.0262,-0.0262,0.0262,0.0262,0.0262,0.0262,0.0262,0.0262,0.0262,-0.0262,-0.0031,-0.0031,0.0262,0.0262,0.0262,0.0262,-0.0031,-0.0031,-0.0031,0.0262
199307,0.0093,0.0324,0.0093,0.0093,0.0093,-0.0093,0.0093,-0.0093,0.0093,0.0093,-0.0093,0.0093,0.0324,0.0324,0.0324,0.0324,0.0324,0.0324,0.0324,0.0324,-0.0324,0.0324,0.0324,0.0093,0.0324,0.0324,0.0324,0.0324,0.0093,0.0324,0.0324,0.0324
199308,0.0032,-0.0045,0.0032,0.0032,0.0032,-0.0032,0.0032,-0.0032,0.0032,0.0032,-0.0032,0.0032,-0.0045,-0.0045,-0.0045,-0.0045,-0.0045,-0.0045,-0.0045,0.0045,0.0045,-0.0045,-0.0045,-0.0045,-0.0045,-0.0045,-0.0045,-0.0045,0.0032,-0.0045,-0.0045,0.0032
199309,0.0311,-0.0045,0.0311,0.0311,0.0311,-0.0311,0.0311,-0.0311,0.0311,-0.0311,-0.0311,0.0311,-0.0045,-0.0045,-0.0045,-0.0045,-0.0045,-0.0045,-0.0045,0.0045,-0.0045,0.0045,0.0311,0.0311,-0.0045,-0.0045,-0.0045,-0.0045,0.0311,0.0311,-0.0045,0.0311
199310,0.0145,-0.0154,0.0145,0.0145,0.0145,0.0145,0.0145,-0.0145,0.0145,-0.0145,-0.0145,0.0145,-0.0154,-0.0154,-0.0154,-0.0154,-0.0154,-0.0154,-0.0154,0.0154,-0.0154,-0.0154,0.0145,0.0145,-0.0154,-0.0154,-0.0154,-0.0154,0.0145,0.0145,0.0145,0.0145
199311,-0.0143,-0.0027,-0.0143,-0.0143,-0.0143,-0.0143,-0.0143,-0.0143,-0.0143,0.0143,-0.0143,-0.0143,-0.0027,0.0027,-0.0027,-0.0027,-0.0027,-0.0027,-0.0027,0.0027,0.0027,-0.0027,-0.0143,-0.0143,-0.0027,-0.0027,-0.0027,-0.0027,-0.0143,-0.0143,-0.0143,-0.0143
199312,0.0122,0.0057,0.0122,0.0122,-0.0122,-0.0122,0.0122,-0.0122,0.0122,-0.0122,-0.0122,0.0122,0.0057,0.0057,0.0057,0.0057,0.0057,0.0057,0.0057,0.0057,0.0057,0.0057,0.0057,0.0057,0.0057,0.0057,0.0057,0.0122,0.0122,0.0122,0.0122,0.0122
199401,0.0014,0.0209,0.0014,0.0014,0.0014,0.0014,0.0014,-0.0014,0.0014,0.0014,0.0014,0.0014,0.0209,0.0209,0.0209,0.0209,0.0209,0.0209,0.0209,0.0209,-0.0209,0.0209,0.0209,0.0209,0.0209,0.0209,0.0209,0.0209,0.0014,0.0014,0.0209,0.0014
199402,0.0273,-0.0144,0.0273,0.0273,0.0273,0.0273,0.0273,-0.0273,0.0273,-0.0273,-0.0273,0.0273,-0.0144,-0.0144,-0.0144,-0.0144,-0.0144,-0.0144,-0.0144,0.0144,-0.0144,-0.0144,-0.0144,-0.0144,-0.0144,-0.0144,-0.0144,-0.0144,0.0273,-0.0144,-0.0144,-0.0144
199403,-0.0098,0.0131,-0.0098,-0.0098,0.0098,0.0098,-0.0098,-0.0098,-0.0098,0.0098,0.0098,-0.0098,0.0131,0.0131,0.0131,0.0131,0.0131,0.0131,0.0131,0.0131,0.0131,0.0131,0.0131,0.0131,0.0131,0.0131,0.0131,0.0131,-0.0098,0.0131,0.0131,0.0131
199404,-0.0093,0.0168,0.0093,0.0093,0.0093,0.0093,-0.0093,0.0093,-0.0093,-0.0093,-0.0093,0.0093,0.0168,0.0168,0.0168,0.0168,0.0168,0.0168,0.0168,-0.0168,-0.0168,0.0168,0.0168,0.0168,0.0168,0.0168,0.0168,0.0168,0.0168,-0.0093,-0.0093,0.0168
199405,-0.0202,0.002,-0.0202,-0.0202,-0.0202,0.0202,-0.0202,-0.0202,-0.0202,0.0202,0.0202,-0.0202,0.002,0.002,0.002,0.002,0.002,0.002,0.002,0.002,0.002,0.002,0.002,-0.0202,0.002,0.002,0.002,0.002,-0.0202,0.002,-0.0202,0.002
199406,-0.0045,0.017,-0.0045,-0.0045,-0.0045,-0.0045,-0.0045,0.0045,-0.0045,0.0045,0.0045,-0.0045,0.017,0.017,0.017,0.017,0.017,0.017,0.017,-0.017,-0.017,0.017,0.017,0.017,0.017,0.017,0.017,0.017,-0.0045,-0.0045,-0.0045,0.017
199407,-0.0173,0.0059,-0.0173,-0.0173,-0.0173,0.0173,-0.0173,0.0173,-0.0173,0.0173,0.0173,-0.0173,0.0059,0.0059,0.0059,0.0059,0.0059,0.0059,0.0059,0.0059,0.0059,0.0059,0.0059,0.0059,0.0059,0.0059,0.0059,-0.0173,0.0059,0.0059,-0.0173,0.0059
199408,0.0134,-0.0282,0.0134,0.0134,0.0134,0.0134,0.0134,-0.0134,0.0134,0.0134,-0.0134,0.0134,-0.0282,-0.0282,-0.0282,-0.0282,-0.0282,-0.0282,-0.0282,-0.0282,-0.0282,-0.0282,-0.0282,0.0134,-0.0282,-0.0282,-0.0282,-0.0282,0.0134,0.0134,-0.0282,-0.0282
199409,0.0282,-0.019,0.0282,0.0282,0.0282,0.0282,0.0282,-0.0282,0.0282,-0.0282,0.0282,0.0282,-0.019,-0.019,-0.019,-0.019,-0.019,-0.019,-0.019,-0.019,-0.019,-0.019,0.0282,0.0282,-0.019,-0.019,-0.019,-0.019,0.0282,-0.019,0.0282,-0.019
199410,-0.0234,-0.0173,0.0234,0.0234,-0.0234,-0.0234,-0.0234,0.0234,-0.0234,0.0234,0.0234,-0.0234,-0.0173,-0.0173,-0.0173,-0.0173,-0.0173,-0.0173,0.0173,0.0173,0.0173,-0.0173,-0.0173,-0.0173,-0.0173,-0.0173,-0.0173,-0.0173,-0.0234,-0.0234,-0.0173,-0.0234
199411,0.0027,-0.0094,-0.0027,-0.0027,0.0027,0.0027,0.0027,-0.0027,0.0027,-0.0027,-0.0027,0.0027,-0.0094,-0.0094,-0.0094,-0.0094,-0.0094,-0.0094,0.0094,0.0094,-0.0094,-0.0094,-0.0094,-0.0094,-0.0094,-0.0094,-0.0094,-0.0094,0.0027,0.0027,0.0027,0.0027
199412,0.0004,0.0055,-0.0004,-0.0004,-0.0004,-0.0004,0.0004,-0.0004,-0.0004,-0.0004,-0.0004,-0.0004,0.0055,0.0055,0.0055,0.0055,0.0055,0.0055,0.0055,-0.0055,0.0055,0.0055,0.0055,0.0055,0.0055,0.0055,0.0055,0.0055,0.0004,0.0055,0.0055,0.0055
199501,-0.0265,0.0083,0.0265,0.0265,-0.0265,-0.0265,-0.0265,0.0265,0.0265,0.0265,0.0265,0.0265,0.0083,0.0083,0.0083,0.0083,0.0083,0.0083,0.0083,-0.0083,0.0083,0.0083,0.0083,0.0083,0.0083,0.0083,0.0083,0.0083,0.0083,0.0083,0.0083,0.0083
199502,-0.0067,0.0108,0.0067,0.0067,-0.0067,-0.0067,-0.0067,0.0067,0.0067,0.0067,0.0067,0.0067,0.0108,0.0108,0.0108,0.0108,0.0108,0.0108,0.0108,-0.0108,-0.0108,0.0108,0.0108,0.0108,0.0108,0.0108,0.0108,0.0108,0.0108,0.0108,0.0108,0.0108
199503,-0.007,-0.0107,0.007,0.007,-0.007,-0.007,-0.007,0.007,0.007,0.007,0.007,0.007,-0.0107,-0.0107,-0.0107,-0.0107,-0.0107,-0.0107,-0.0107,0.0107,-0.0107,-0.0107,-0.0107,-0.0107,-0.0107,-0.0107,-0.0107,-0.0107,-0.0107,-0.007,-0.0107,-0.0107
199504,-0.0062,0.0226,0.0062,0.0062,0.0062,-0.0062,-0.0062,0.0062,0.0062,0.0062,0.0062,0.0062,0.0226,0.0226,0.0226,0.0226,0.0226,0.0226,-0.0226,-0.0226,0.0226,0.0226,0.0226,0.0226,0.0226,0.0226,0.0226,0.0226,0.0226,-0.0062,0.0226,0.0226
199505,-0.022,0.0169,0.022,0.022,-0.022,-0.022,-0.022,0.022,-0.022,0.022,0.022,0.022,0.0169,0.0169,0.0169,0.0169,0.0169,0.0169,-0.0169,0.0169,0.0169,0.0169,0.0169,0.0169,0.0169,0.0169,0.0169,0.0169,-0.022,0.0169,0.0169,0.0169
199506,0.0293,-0.0227,-0.0293,-0.0293,-0.0293,0.0293,-0.0293,-0.0293,0.0293,-0.0293,-0.0293,-0.0293,-0.0227,-0.0227,-0.0227,-0.0227,0.0227,-0.0227,0.0227,-0.0227,-0.0227,-0.0227,-0.0227,-0.0227,-0.0227,-0.0227,0.0293,-0.0227,0.0293,-0.0227,-0.0227,-0.0227
199507,0.0209,-0.0168,0.0209,0.0209,-0.0209,0.0209,-0.0209,-0.0209,0.0209,-0.0209,-0.0209,-0.0209,-0.0168,-0.0168,-0.0168,-0.0168,0.0168,0.0168,0.0168,0.0168,-0.0168,-0.0168,-0.0168,-0.0168,-0.0168,-0.0168,0.0209,-0.0168,0.0209,-0.0168,-0.0168,-0.0168
199508,0.016,0.0271,0.016,0.016,0.016,0.016,-0.016,-0.016,0.016,0.016,-0.016,0.016,0.0271,0.0271,0.0271,0.0271,-0.0271,-0.0271,-0.0271,-0.0271,0.0271,0.0271,0.016,0.016,0.0271,0.0271,0.016,0.0271,0.016,0.0271,0.0271,0.016
199509,-0.021,-0.0076,0.021,0.021,0.021,-0.021,0.021,-0.021,-0.021,0.021,0.021,0.021,-0.0076,-0.0076,-0.0076,-0.0076,0.0076,0.0076,-0.0076,0.0076,0.0076,-0.0076,-0.0076,-0.0076,-0.0076,-0.0076,-0.021,-0.0076,-0.0076,-0.0076,-0.0076,-0.021
199510,-0.0374,-0.0075,0.0374,0.0374,0.0374,-0.0374,0.0374,0.0374,-0.0374,0.0374,0.0374,0.0374,-0.0075,-0.0075,-0.0075,-0.0075,0.0075,0.0075,-0.0075,-0.0075,-0.0075,-0.0075,-0.0075,-0.0075,-0.0075,-0.0075,-0.0374,-0.0075,-0.0075,-0.0075,-0.0374,-0.0075
199511,-0.0117,0.0094,0.0117,0.0117,0.0117,0.0117,0.0117,0.0117,0.0117,0.0117,0.0117,0.0117,0.0094,0.0094,0.0094,0.0094,-0.0094,0.0094,0.0094,0.0094,0.0094,0.0094,0.0094,0.0094,0.0094,0.0094,-0.0117,0.0094,0.0094,0.0094,0.0094,0.0094
199512,0.0057,0.0086,-0.0057,-0.0057,-0.0057,0.0057,-0.0057,-0.0057,0.0057,-0.0057,-0.0057,-0.0057,0.0086,0.0086,0.0086,0.0086,-0.0086,0.0086,0.0086,-0.0086,-0.0086,0.0086,0.0086,0.0086,0.0086,0.0086,0.0057,0.0086,0.0086,0.0086,0.0057,0.0086
199601,-0.0262,0.003,0.0262,0.0262,0.0262,-0.0262,0.0262,0.0262,0.0262,0.0262,-0.0262,-0.0262,0.003,0.003,0.003,0.003,-0.003,0.003,0.003,-0.003,0.003,0.003,0.003,0.003,0.003,0.003,-0.0262,0.003,0.003,-0.0262,0.003,0.003
199602,0.0188,-0.0142,-0.0188,-0.0188,-0.0188,0.0188,-0.0188,-0.0188,-0.0188,-0.0188,0.0188,-0.0188,-0.0142,-0.0142,-0.0142,-0.0142,0.0142,-0.0142,-0.0142,-0.0142,-0.0142,-0.0142,-0.0142,-0.0142,-0.0142,-0.0142,0.0188,-0.0142,-0.0142,0.0188,-0.0142,-0.0142
199603,0.013,0.01,-0.013,-0.013,-0.013,0.013,-0.013,0.013,-0.013,0.013,0.013,-0.013,0.01,0.01,0.01,0.01,-0.01,0.01,0.01,-0.01,0.01,0.01,0.01,0.01,0.01,0.01,0.013,0.01,0.01,0.01,0.01,0.01
199604,0.0492,-0.039,-0.0492,-0.0492,-0.0492,0.0492,-0.0492,0.0492,-0.0492,-0.0492,-0.0492,-0.0492,-0.039,-0.039,-0.039,-0.039,0.039,-0.039,-0.039,-0.039,-0.039,-0.039,-0.039,-0.039,-0.039,-0.039,0.0492,-0.039,-0.039,-0.039,-0.039,-0.039
199605,0.0304,-0.012,-0.0304,-0.0304,-0.0304,0.0304,-0.0304,0.0304,-0.0304,0.0304,-0.0304,-0.0304,-0.012,0.012,-0.012,-0.012,0.012,-0.012,-0.012,-0.012,-0.012,-0.012,-0.012,-0.012,-0.012,-0.012,0.0304,-0.012,-0.012,-0.012,-0.012,-0.012
199606,-0.0358,0.0156,-0.0358,0.0358,-0.0358,-0.0358,-0.0358,-0.0358,0.0358,0.0358,0.0358,0.0358,0.0156,0.0156,0.0156,0.0156,0.0156,-0.0156,0.0156,0.0156,0.0156,0.0156,0.0156,0.0156,0.0156,0.0156,-0.0358,0.0156,0.0156,0.0156,0.0156,0.0156
199607,-0.0383,0.0445,0.0383,0.0383,0.0383,0.0383,-0.0383,0.0383,0.0383,0.0383,0.0383,0.0383,0.0445,0.0445,0.0445,0.0445,0.0445,0.0445,0.0445,0.0445,0.0445,0.0445,0.0445,0.0445,0.0445,0.0445,-0.0383,0.0445,0.0445,-0.0383,0.0445,0.0445
199608,0.023,-0.0046,-0.023,-0.023,-0.023,-0.023,0.023,-0.023,-0.023,0.023,0.023,-0.023,-0.0046,-0.0046,-0.0046,-0.0046,-0.0046,-0.0046,-0.0046,0.0046,0.0046,-0.0046,-0.0046,-0.0046,-0.0046,-0.0046,0.023,-0.0046,-0.0046,0.023,-0.0046,-0.0046
199609,-0.0088,-0.0314,0.0088,0.0088,-0.0088,-0.0088,-0.0088,-0.0088,0.0088,0.0088,-0.0088,0.0088,-0.0314,-0.0314,-0.0314,-0.0314,-0.0314,0.0314,-0.0314,0.0314,-0.0314,-0.0314,-0.0314,-0.0314,-0.0314,-0.0314,-0.0088,-0.0314,-0.0314,-0.0088,-0.0314,-0.0314
199610,-0.0444,0.0512,0.0444,-0.0444,-0.0444,-0.0444,-0.0444,-0.0444,-0.0444,-0.0444,0.0444,0.0444,0.0512,0.0512,0.0512,0.0512,0.0512,0.0512,0.0512,0.0512,0.0512,-0.0512,0.0512,0.0512,0.0512,0.0512,-0.0444,0.0512,-0.0444,0.0512,-0.0444,0.0512
199611,-0.0389,0.0116,0.0389,0.0389,-0.0389,0.0389,-0.0389,0.0389,0.0389,0.0389,0.0389,0.0389,0.0116,0.0116,0.0116,0.0116,0.0116,0.0116,0.0116,0.0116,0.0116,0.0116,0.0116,0.0116,0.0116,0.0116,-0.0389,0.0116,-0.0389,0.0116,0.0116,0.0116
199612,0.032,0.009,0.032,0.032,0.032,0.032,0.032,0.032,0.032,0.032,0.032,-0.032,0.009,0.009,0.009,0.009,0.009,0.009,0.009,-0.009,0.009,-0.009,0.009,0.009,0.009,0.009,0.032,0.009,0.032,0.009,0.009,0.009
199701,-0.0184,-0.0164,0.0184,0.0184,0.0184,-0.0184,-0.0184,0.0184,-0.0184,-0.0184,0.0184,0.0184,-0.0164,-0.0164,-0.0164,-0.0164,-0.0164,-0.0164,-0.0164,0.0164,-0.0164,0.0164,-0.0164,-0.0164,-0.0164,-0.0164,-0.0184,-0.0184,-0.0184,-0.0164,-0.0164,-0.0164
199702,-0.029,0.0519,0.029,0.029,-0.029,-0.029,-0.029,0.029,-0.029,-0.029,0.029,0.029,0.0519,0.0519,0.0519,0.0519,0.0519,0.0519,0.0519,-0.0519,0.0519,-0.0519,0.0519,0.0519,0.0519,0.0519,-0.029,0.0519,-0.029,-0.029,0.0519,0.0519
199703,-0.0038,0.0381,0.0038,0.0038,0.0038,0.0038,-0.0038,0.0038,0.0038,-0.0038,0.0038,0.0038,0.0381,0.0381,0.0381,0.0381,0.0381,0.0381,0.0381,0.0381,0.0381,0.0381,0.0381,0.0381,0.0381,0.0381,-0.0038,0.0381,-0.0038,-0.0038,0.0381,0.0381
199704,-0.0566,-0.0007,0.0566,0.0566,0.0566,0.0566,-0.0566,0.0566,0.0566,-0.0566,0.0566,0.0566,-0.0007,-0.0007,-0.0007,-0.0007,-0.0007,-0.0007,-0.0007,0.0007,-0.0007,-0.0007,-0.0007,-0.0007,-0.0007,-0.0007,-0.0566,-0.0007,-0.0566,-0.0007,-0.0007,-0.0007
199705,0.0489,-0.0387,-0.0489,-0.0489,-0.0489,0.0489,0.0489,-0.0489,-0.0489,0.0489,0.0489,-0.0489,-0.0387,-0.0387,-0.0387,-0.0387,-0.0387,-0.0387,-0.0387,-0.0387,-0.0387,0.0387,-0.0387,-0.0387,-0.0387,-0.0387,0.0489,-0.0387,0.0489,0.0489,-0.0387,-0.0387
199706,0.0132,0.0123,-0.0132,-0.0132,-0.0132,0.0132,0.0132,0.0132,-0.0132,-0.0132,0.0132,-0.0132,0.0123,-0.0123,0.0123,0.0123,0.0123,0.0123,0.0123,0.0123,0.0123,-0.0123,0.0123,0.0123,0.0123,0.0132,0.0123,0.0132,0.0123,0.0123,0.0123,0.0123
199707,-0.028,0.0084,0.028,0.028,0.028,-0.028,-0.028,-0.028,0.028,-0.028,0.028,0.028,0.0084,0.0084,0.0084,0.0084,0.0084,0.0084,0.0084,0.0084,0.0084,0.0084,0.0084,0.0084,0.0084,-0.028,0.0084,0.0084,-0.028,0.0084,0.0084,0.0084
199708,0.0731,0.0138,-0.0731,-0.0731,-0.0731,0.0731,0.0731,-0.0731,0.0731,0.0731,-0.0731,-0.0731,0.0138,-0.0138,0.0138,0.0138,0.0138,0.0138,0.0138,0.0138,0.0138,-0.0138,0.0138,0.0138,0.0138,0.0731,0.0138,0.0138,0.0138,0.0138,0.0138,0.0138
199709,0.0261,0.0002,-0.0261,-0.0261,-0.0261,0.0261,0.0261,-0.0261,-0.0261,0.0261,-0.0261,-0.0261,0.0002,0.0002,0.0002,0.0002,0.0002,0.0002,0.0002,-0.0002,0.0002,-0.0002,0.0002,0.0002,0.0002,0.0002,0.0002,0.0002,0.0261,0.0261,0.0261,0.0002
199710,-0.0068,0.0196,0.0068,0.0068,0.0068,-0.0068,-0.0068,-0.0068,0.0068,-0.0068,0.0068,0.0068,0.0196,0.0196,0.0196,0.0196,0.0196,0.0196,0.0196,-0.0196,-0.0196,0.0196,0.0196,-0.0068,0.0196,-0.0068,0.0196,0.0196,0.0196,-0.0068,-0.0068,0.0196
199711,-0.0494,0.0078,0.0494,0.0494,0.0494,0.0494,-0.0494,0.0494,0.0494,-0.0494,0.0494,0.0494,0.0078,0.0078,0.0078,0.0078,0.0078,0.0078,0.0078,-0.0078,-0.0078,0.0078,0.0078,0.0078,0.0078,0.0078,0.0078,0.0078,0.0078,-0.0494,0.0078,0.0078
199712,-0.0235,0.0346,0.0235,0.0235,0.0235,-0.0235,-0.0235,0.0235,0.0235,0.0235,-0.0235,0.0235,0.0346,0.0346,0.0346,0.0346,0.0346,0.0346,0.0346,0.0346,0.0346,0.0346,0.0346,-0.0235,0.0346,-0.0235,0.0346,0.0346,0.0346,-0.0235,-0.0235,0.0346
199801,-0.0115,-0.0145,0.0115,0.0115,0.0115,0.0115,-0.0115,0.0115,0.0115,0.0115,-0.0115,0.0115,-0.0145,-0.0145,-0.0145,-0.0145,-0.0145,-0.0145,-0.0145,0.0145,-0.0145,-0.0145,-0.0145,-0.0145,-0.0145,-0.0145,-0.0145,-0.0145,-0.0145,-0.0115,-0.0115,-0.0145
199802,0,-0.0013,0,0,0,0,0,0,0,0,0,0,-0.0013,-0.0013,-0.0013,-0.0013,-0.0013,-0.0013,-0.0013,0.0013,0.0013,-0.0013,-0.0013,0,-0.0013,-0.0013,-0.0013,-0.0013,-0.0013,0,0,-0.0013
199803,-0.0094,0.0106,0.0094,-0.0094,-0.0094,-0.0094,-0.0094,-0.0094,0.0094,-0.0094,-0.0094,0.0094,0.0106,0.0106,0.0106,0.0106,0.0106,0.0106,0.0106,-0.0106,-0.0106,0.0106,0.0106,-0.0094,0.0106,-0.0094,0.0106,0.0106,0.0106,0.0106,0.0106,0.0106
199804,0.0021,0.0074,-0.0021,-0.0021,-0.0021,0.0021,0.0021,-0.0021,-0.0021,-0.0021,0.0021,-0.0021,0.0074,0.0074,0.0074,0.0074,0.0074,0.0074,0.0074,-0.0074,-0.0074,0.0074,0.0074,0.0021,0.0074,0.0021,0.0074,0.0074,0.0074,0.0074,0.0074,0.0074
199805,-0.0375,0.0416,0.0375,0.0375,0.0375,0.0375,-0.0375,0.0375,0.0375,-0.0375,-0.0375,0.0375,0.0416,0.0416,0.0416,0.0416,0.0416,0.0416,0.0416,0.0416,-0.0416,0.0416,0.0416,-0.0375,0.0416,0.0416,0.0416,0.0416,0.0416,-0.0375,-0.0375,0.0416
199806,-0.0316,-0.0232,0.0316,0.0316,0.0316,0.0316,-0.0316,0.0316,0.0316,0.0316,-0.0316,0.0316,-0.0232,-0.0232,-0.0232,-0.0232,-0.0232,-0.0232,-0.0232,-0.0232,-0.0232,-0.0232,-0.0232,-0.0232,-0.0232,-0.0232,-0.0232,-0.0232,-0.0232,-0.0232,-0.0316,-0.0232
199807,-0.0512,-0.0097,0.0512,0.0512,0.0512,-0.0512,-0.0512,0.0512,0.0512,0.0512,-0.0512,0.0512,-0.0097,-0.0097,-0.0097,-0.0097,-0.0097,-0.0097,-0.0097,-0.0097,-0.0097,-0.0097,-0.0097,-0.0512,-0.0097,-0.0097,-0.0097,-0.0097,-0.0097,-0.0097,-0.0097,-0.0097
199808,-0.053,0.0341,0.053,0.053,0.053,0.053,-0.053,0.053,0.053,-0.053,-0.053,0.053,0.0341,0.0341,0.0341,0.0341,0.0341,0.0341,0.0341,0.0341,0.0341,0.0341,0.0341,-0.053,0.0341,0.0341,0.0341,0.0341,0.0341,-0.053,-0.053,0.0341
199809,-0.0012,-0.0331,0.0012,0.0012,0.0012,0.0012,-0.0012,0.0012,0.0012,0.0012,-0.0012,0.0012,-0.0331,-0.0331,-0.0331,-0.0331,-0.0331,-0.0331,-0.0331,-0.0331,0.0331,-0.0331,-0.0331,-0.0331,-0.0331,-0.0331,-0.0331,-0.0331,-0.0331,-0.0331,-0.0012,-0.0331
199810,-0.0332,-0.022,0.0332,0.0332,0.0332,-0.0332,-0.0332,-0.0332,0.0332,0.0332,-0.0332,0.0332,-0.022,-0.022,-0.022,-0.022,-0.022,-0.022,-0.022,-0.022,-0.022,0.022,-0.022,-0.0332,-0.022,-0.0332,-0.022,-0.0332,-0.022,-0.0332,-0.0332,-0.0332
199811,0.0107,-0.0314,-0.0107,-0.0107,-0.0107,0.0107,0.0107,0.0107,0.0107,-0.0107,-0.0107,-0.0107,-0.0314,-0.0314,-0.0314,-0.0314,-0.0314,-0.0314,-0.0314,0.0314,-0.0314,0.0314,-0.0314,0.0107,-0.0314,0.0107,-0.0314,-0.0314,-0.0314,0.0107,-0.0314,0.0107
199812,-0.0033,-0.0446,0.0033,0.0033,0.0033,-0.0033,-0.0033,-0.0033,-0.0033,-0.0033,0.0033,0.0033,-0.0446,-0.0446,-0.0446,-0.0446,-0.0446,-0.0446,-0.0446,-0.0446,-0.0446,0.0446,-0.0446,-0.0446,-0.0446,-0.0033,-0.0446,-0.0446,-0.0446,-0.0033,-0.0033,-0.0033
199901,0.0039,-0.0403,-0.0039,-0.0039,-0.0039,0.0039,0.0039,0.0039,0.0039,0.0039,0.0039,-0.0039,-0.0403,-0.0403,-0.0403,-0.0403,-0.0403,-0.0403,-0.0403,-0.0403,-0.0403,0.0403,-0.0403,0.0039,-0.0403,0.0039,-0.0403,-0.0403,-0.0403,0.0039,-0.0403,0.0039
199902,-0.0568,0.014,0.0568,0.0568,0.0568,-0.0568,-0.0568,0.0568,0.0568,0.0568,0.0568,0.0568,0.014,0.014,0.014,0.014,0.014,0.014,0.014,-0.014,0.014,0.014,0.014,0.014,0.014,-0.0568,0.014,0.014,0.014,-0.0568,0.014,0.014
199903,-0.0394,-0.0264,0.0394,0.0394,0.0394,0.0394,-0.0394,0.0394,0.0394,-0.0394,-0.0394,0.0394,-0.0264,-0.0264,-0.0264,-0.0264,-0.0264,-0.0264,-0.0264,-0.0264,-0.0264,-0.0264,-0.0264,-0.0264,-0.0264,-0.0264,-0.0264,-0.0264,-0.0264,-0.0394,-0.0394,-0.0264
199904,0.0399,0.0251,-0.0399,-0.0399,-0.0399,0.0399,0.0399,-0.0399,-0.0399,-0.0399,0.0399,-0.0399,0.0251,0.0251,0.0251,0.0251,0.0251,0.0251,0.0251,0.0251,0.0251,0.0251,0.0251,0.0251,0.0251,0.0399,0.0251,0.0251,0.0251,0.0399,0.0251,0.0251
199905,0.0342,0.024,-0.0342,-0.0342,-0.0342,0.0342,0.0342,-0.0342,-0.0342,-0.0342,0.0342,-0.0342,0.024,0.024,0.024,0.024,0.024,0.024,0.024,0.024,0.024,0.024,0.024,0.024,0.024,0.0342,0.024,0.024,0.024,0.024,0.024,0.024
199906,0.0306,-0.0359,-0.0306,-0.0306,-0.0306,-0.0306,-0.0306,-0.0306,-0.0306,-0.0306,-0.0306,-0.0306,-0.0359,-0.0359,-0.0359,-0.0359,0.0359,-0.0359,-0.0359,0.0359,-0.0359,-0.0359,-0.0359,-0.0359,-0.0359,-0.0359,-0.0359,-0.0359,-0.0359,0.0306,-0.0359,-0.0359
199907,0.0266,-0.0077,-0.0266,-0.0266,-0.0266,0.0266,-0.0266,-0.0266,-0.0266,-0.0266,0.0266,-0.0266,-0.0077,-0.0077,-0.0077,-0.0077,0.0077,-0.0077,-0.0077,-0.0077,-0.0077,0.0077,-0.0077,-0.0077,-0.0077,0.0266,-0.0077,-0.0077,-0.0077,0.0266,0.0266,-0.0077
199908,-0.0127,-0.0131,0.0127,0.0127,0.0127,0.0127,0.0127,0.0127,0.0127,0.0127,0.0127,0.0127,-0.0131,-0.0131,-0.0131,-0.0131,0.0131,-0.0131,-0.0131,-0.0131,-0.0131,0.0131,-0.0131,-0.0131,-0.0131,-0.0131,-0.0131,-0.0131,-0.0131,-0.0131,-0.0131,-0.0131
199909,0.0333,-0.0339,-0.0333,-0.0333,-0.0333,-0.0333,-0.0333,-0.0333,-0.0333,0.0333,0.0333,-0.0333,-0.0339,-0.0339,-0.0339,-0.0339,0.0339,-0.0339,-0.0339,-0.0339,-0.0339,-0.0339,-0.0339,-0.0339,-0.0339,-0.0339,-0.0339,-0.0339,-0.0339,0.0333,-0.0339,-0.0339
199910,-0.0694,-0.0288,0.0694,0.0694,0.0694,-0.0694,0.0694,0.0694,0.0694,-0.0694,-0.0694,0.0694,0.0288,-0.0288,-0.0288,-0.0288,0.0288,-0.0288,0.0288,0.0288,0.0288,0.0288,-0.0288,-0.0288,-0.0288,-0.0288,-0.0288,-0.0288,-0.0694,-0.0694,-0.0694,-0.0694
199911,0.0738,-0.065,-0.0738,-0.0738,-0.0738,-0.0738,-0.0738,-0.0738,-0.0738,0.0738,0.0738,-0.0738,0.065,-0.065,-0.065,-0.065,0.065,-0.065,0.065,0.065,-0.065,0.065,-0.065,-0.065,-0.065,-0.065,-0.065,-0.065,0.0738,-0.065,0.0738,0.0738
199912,0.0715,-0.0867,-0.0715,-0.0715,-0.0715,0.0715,-0.0715,-0.0715,-0.0715,-0.0715,-0.0715,-0.0715,-0.0867,-0.0867,-0.0867,-0.0867,0.0867,-0.0867,-0.0867,0.0867,0.0867,-0.0867,-0.0867,-0.0867,-0.0867,0.0715,-0.0867,-0.0867,0.0715,0.0715,-0.0867,0.0715
200001,0.0495,-0.0031,-0.0495,-0.0495,-0.0495,0.0495,-0.0495,0.0495,-0.0495,-0.0495,-0.0495,-0.0495,-0.0031,-0.0031,-0.0031,-0.0031,0.0031,-0.0031,-0.0031,-0.0031,-0.0031,-0.0031,-0.0031,-0.0031,-0.0031,0.0495,-0.0031,0.0495,0.0495,-0.0031,-0.0031,0.0495
200002,0.2171,-0.0993,-0.2171,-0.2171,-0.2171,-0.2171,-0.2171,-0.2171,-0.2171,-0.2171,-0.2171,-0.2171,-0.0993,-0.0993,-0.0993,-0.0993,0.0993,-0.0993,-0.0993,0.0993,0.0993,-0.0993,-0.0993,-0.0993,-0.0993,-0.0993,-0.0993,-0.0993,0.2171,-0.0993,-0.0993,0.2171
200003,-0.1687,0.0737,-0.1687,-0.1687,-0.1687,-0.1687,0.1687,-0.1687,0.1687,0.1687,0.1687,0.1687,0.0737,0.0737,0.0737,0.0737,-0.0737,0.0737,0.0737,-0.0737,-0.0737,0.0737,-0.1687,0.0737,0.0737,-0.1687,0.0737,0.0737,-0.1687,0.0737,0.0737,-0.1687
200004,-0.0775,0.086,0.0775,-0.0775,-0.0775,-0.0775,0.0775,0.0775,0.0775,0.0775,0.0775,0.0775,0.086,0.086,0.086,0.086,-0.086,0.086,0.086,0.086,0.086,0.086,0.086,0.086,0.086,0.086,0.086,0.086,-0.0775,0.086,0.086,-0.0775
200005,-0.0511,0.0256,0.0511,0.0511,0.0511,0.0511,0.0511,0.0511,0.0511,-0.0511,0.0511,0.0511,0.0256,0.0256,0.0256,0.0256,-0.0256,0.0256,0.0256,0.0256,-0.0256,0.0256,0.0256,0.0256,0.0256,0.0256,0.0256,0.0256,-0.0511,-0.0511,0.0256,-0.0511
200006,0.1386,-0.0986,-0.1386,-0.1386,-0.1386,-0.1386,0.1386,-0.1386,-0.1386,0.1386,-0.1386,-0.1386,-0.0986,-0.0986,-0.0986,-0.0986,0.0986,0.0986,-0.0986,-0.0986,0.0986,-0.0986,-0.0986,-0.0986,-0.0986,-0.0986,-0.0986,-0.0986,0.1386,-0.0986,-0.0986,0.1386
200007,-0.0279,0.0814,-0.0279,-0.0279,-0.0279,-0.0279,-0.0279,-0.0279,0.0279,-0.0279,0.0279,0.0279,-0.0814,0.0814,0.0814,0.0814,-0.0814,0.0814,0.0814,0.0814,-0.0814,0.0814,-0.0279,0.0814,0.0814,-0.0279,0.0814,0.0814,-0.0279,0.0814,0.0814,-0.0279
200008,-0.0113,-0.0068,0.0113,0.0113,0.0113,0.0113,-0.0113,0.0113,0.0113,0.0113,0.0113,0.0113,-0.0068,-0.0068,-0.0068,-0.0068,0.0068,-0.0068,-0.0068,0.0068,-0.0068,-0.0068,-0.0068,-0.0068,-0.0068,-0.0068,-0.0068,-0.0068,-0.0113,-0.0068,-0.0068,-0.0113
200009,-0.0139,0.0624,-0.0139,-0.0139,-0.0139,-0.0139,-0.0139,0.0139,0.0139,-0.0139,0.0139,0.0139,0.0624,0.0624,0.0624,0.0624,-0.0624,-0.0624,0.0624,0.0624,0.0624,0.0624,-0.0139,0.0624,0.0624,-0.0139,0.0624,0.0624,-0.0139,0.0624,0.0624,-0.0139
200010,-0.0376,0.0552,0.0376,0.0376,0.0376,0.0376,-0.0376,0.0376,0.0376,-0.0376,-0.0376,0.0376,0.0552,0.0552,0.0552,0.0552,-0.0552,0.0552,0.0552,-0.0552,-0.0552,-0.0552,0.0552,0.0552,0.0552,0.0552,0.0552,0.0552,0.0552,0.0552,-0.0376,0.0552
200011,-0.0279,0.113,0.0279,0.0279,0.0279,0.0279,-0.0279,0.0279,0.0279,-0.0279,-0.0279,0.0279,0.113,0.113,0.113,0.113,-0.113,0.113,0.113,-0.113,-0.113,-0.113,0.113,0.113,0.113,0.113,0.113,-0.0279,0.113,-0.0279,-0.0279,0.113
200012,0.0097,0.0733,-0.0097,-0.0097,-0.0097,-0.0097,0.0097,-0.0097,-0.0097,-0.0097,-0.0097,-0.0097,0.0733,0.0733,0.0733,0.0733,-0.0733,-0.0733,0.0733,0.0733,-0.0733,-0.0733,0.0733,0.0733,0.0733,0.0733,0.0733,0.0733,0.0733,0.0097,0.0733,0.0733
200101,0.0657,-0.049,-0.0657,-0.0657,-0.0657,-0.0657,0.0657,-0.0657,-0.0657,-0.0657,-0.0657,-0.0657,-0.049,-0.049,-0.049,-0.049,0.049,-0.049,-0.049,-0.049,-0.049,0.049,-0.049,-0.049,-0.049,-0.049,-0.049,-0.049,-0.049,0.0657,0.0657,-0.049
200102,-0.0074,0.129,0.0074,0.0074,-0.0074,-0.0074,-0.0074,-0.0074,0.0074,0.0074,0.0074,0.0074,0.129,-0.129,0.129,0.129,-0.129,0.129,0.129,0.129,0.129,-0.129,0.129,0.129,0.129,-0.0074,0.129,0.129,0.129,0.129,0.129,0.129
200103,0.0034,0.0645,-0.0034,-0.0034,-0.0034,-0.0034,0.0034,-0.0034,-0.0034,-0.0034,-0.0034,-0.0034,0.0645,0.0645,0.0645,0.0645,-0.0645,0.0645,0.0645,-0.0645,-0.0645,-0.0645,0.0645,0.0645,0.0645,0.0645,0.0645,0.0645,0.0645,0.0645,0.0034,0.0645
200104,0.0052,-0.0469,-0.0052,-0.0052,-0.0052,-0.0052,0.0052,-0.0052,-0.0052,-0.0052,0.0052,-0.0052,-0.0469,-0.0469,-0.0469,-0.0469,0.0469,-0.0469,-0.0469,-0.0469,0.0469,0.0469,-0.0469,-0.0469,-0.0469,-0.0469,-0.0469,-0.0469,-0.0469,-0.0469,0.0052,-0.0469
200105,0.026,0.0314,-0.026,-0.026,0.026,0.026,0.026,-0.026,-0.026,-0.026,-0.026,-0.026,0.0314,-0.0314,0.0314,0.0314,-0.0314,0.0314,0.0314,0.0314,-0.0314,0.0314,0.026,0.0314,0.0314,0.026,0.0314,0.0314,0.0314,0.0314,0.0314,0.0314
200106,0.0605,-0.0106,-0.0605,-0.0605,0.0605,-0.0605,-0.0605,0.0605,-0.0605,-0.0605,0.0605,-0.0605,-0.0106,-0.0106,-0.0106,-0.0106,0.0106,-0.0106,-0.0106,0.0106,0.0106,-0.0106,-0.0106,-0.0106,-0.0106,-0.0106,-0.0106,-0.0106,-0.0106,-0.0106,-0.0106,-0.0106
200107,-0.0435,0.0558,0.0435,0.0435,-0.0435,0.0435,0.0435,-0.0435,0.0435,-0.0435,0.0435,0.0435,0.0558,0.0558,0.0558,0.0558,-0.0558,0.0558,0.0558,-0.0558,-0.0558,0.0558,0.0558,0.0558,0.0558,0.0558,0.0558,0.0558,0.0558,0.0558,-0.0435,0.0558
200108,0.0249,0.025,-0.0249,-0.0249,0.0249,-0.0249,-0.0249,0.0249,-0.0249,-0.0249,-0.0249,-0.0249,0.025,0.025,0.025,0.025,-0.025,0.025,0.025,-0.025,-0.025,0.025,0.025,0.025,0.025,0.025,0.025,0.0249,0.025,0.025,0.025,0.025
200109,-0.0613,0.016,0.0613,0.0613,0.0613,0.0613,0.0613,-0.0613,0.0613,0.0613,0.0613,0.0613,0.016,0.016,0.016,0.016,-0.016,0.016,0.016,0.016,-0.016,0.016,0.016,0.016,0.016,0.016,0.016,-0.0613,0.016,-0.0613,-0.0613,0.016
200110,0.0763,-0.081,-0.0763,-0.0763,-0.0763,-0.0763,-0.0763,-0.0763,-0.0763,-0.0763,-0.0763,0.0763,-0.081,-0.081,-0.081,-0.081,0.081,-0.081,-0.081,0.081,-0.081,-0.081,-0.081,-0.081,-0.081,-0.081,-0.081,0.0763,-0.081,-0.081,-0.081,-0.081
200111,-0.0041,0.02,-0.0041,0.0041,-0.0041,-0.0041,0.0041,0.0041,0.0041,0.0041,0.0041,-0.0041,0.02,-0.02,0.02,0.02,-0.02,0.02,0.02,0.02,-0.02,-0.02,0.02,0.02,0.02,0.02,0.02,0.02,0.02,0.02,0.02,0.02
200112,0.0457,0.011,0.0457,-0.0457,0.0457,0.0457,-0.0457,-0.0457,-0.0457,-0.0457,-0.0457,0.0457,0.011,0.011,0.011,0.011,-0.011,0.011,0.011,-0.011,0.011,0.011,0.011,0.011,0.011,0.0457,0.011,0.011,0.011,0.011,0.011,0.011
200201,0.0119,0.0333,0.0119,-0.0119,0.0119,0.0119,-0.0119,0.0119,-0.0119,-0.0119,-0.0119,0.0119,0.0333,-0.0333,0.0333,0.0333,0.0333,0.0333,0.0333,-0.0333,0.0333,0.0333,0.0333,0.0333,0.0333,0.0333,0.0333,0.0119,0.0119,0.0119,0.0333,0.0333
200202,-0.011,0.025,-0.011,0.011,-0.011,0.011,0.011,0.011,0.011,-0.011,0.011,-0.011,0.025,0.025,0.025,0.025,0.025,0.025,0.025,-0.025,-0.025,0.025,0.025,0.025,0.025,0.025,0.025,0.025,-0.011,0.025,0.025,0.025
200203,0.0423,0.0111,0.0423,-0.0423,0.0423,-0.0423,-0.0423,0.0423,-0.0423,-0.0423,-0.0423,0.0423,0.0111,0.0111,0.0111,0.0111,0.0111,0.0111,0.0111,-0.0111,-0.0111,0.0111,0.0111,0.0111,0.0111,0.0111,0.0111,0.0111,0.0423,0.0423,0.0111,0.0111
200204,0.0594,0.0393,0.0594,-0.0594,0.0594,0.0594,-0.0594,-0.0594,-0.0594,-0.0594,-0.0594,0.0594,-0.0393,-0.0393,0.0393,0.0393,0.0393,0.0393,0.0393,-0.0393,0.0393,-0.0393,0.0393,0.0393,0.0393,0.0594,0.0393,0.0393,0.0594,0.0594,0.0393,0.0393
200205,-0.0321,0.0169,0.0321,0.0321,-0.0321,0.0321,0.0321,0.0321,0.0321,-0.0321,0.0321,-0.0321,0.0169,0.0169,0.0169,0.0169,0.0169,0.0169,0.0169,0.0169,0.0169,0.0169,0.0169,0.0169,0.0169,0.0169,0.0169,0.0169,-0.0321,-0.0321,-0.0321,0.0169
200206,0.0426,0.0013,-0.0426,-0.0426,0.0426,-0.0426,0.0426,0.0426,-0.0426,0.0426,-0.0426,0.0426,0.0013,0.0013,0.0013,0.0013,-0.0013,0.0013,0.0013,-0.0013,-0.0013,-0.0013,0.0013,0.0013,0.0013,0.0013,0.0013,0.0013,0.0426,0.0426,0.0013,0.0013
200207,-0.053,-0.0341,0.053,0.053,0.053,0.053,-0.053,0.053,0.053,-0.053,0.053,0.053,-0.0341,-0.0341,-0.0341,-0.0341,0.0341,-0.0341,-0.0341,0.0341,-0.0341,0.0341,-0.0341,-0.0341,-0.0341,-0.0341,-0.0341,-0.0341,-0.053,-0.053,-0.0341,-0.0341
200208,-0.0244,0.0249,0.0244,0.0244,0.0244,0.0244,-0.0244,0.0244,0.0244,-0.0244,0.0244,-0.0244,0.0249,0.0249,0.0249,0.0249,-0.0249,0.0249,0.0249,-0.0249,0.0249,-0.0249,0.0249,0.0249,0.0249,0.0249,0.0249,0.0249,-0.0244,-0.0244,0.0249,0.0249
200209,0.0257,0.0131,-0.0257,-0.0257,0.0257,-0.0257,0.0257,-0.0257,-0.0257,0.0257,-0.0257,0.0257,0.0131,0.0131,0.0131,0.0131,-0.0131,0.0131,0.0131,-0.0131,0.0131,-0.0131,0.0131,0.0131,0.0131,0.0131,0.0131,0.0131,0.0257,0.0257,0.0131,0.0131
200210,-0.029,-0.0546,0.029,0.029,0.029,0.029,-0.029,0.029,-0.029,0.029,0.029,0.029,-0.0546,-0.0546,-0.0546,-0.0546,0.0546,-0.0546,-0.0546,-0.0546,-0.0546,-0.0546,-0.0546,-0.0546,-0.0546,-0.0546,-0.0546,-0.029,-0.029,-0.0546,-0.0546,-0.029
200211,0.0284,-0.0115,0.0284,0.0284,0.0284,-0.0284,0.0284,0.0284,0.0284,-0.0284,-0.0284,0.0284,-0.0115,-0.0115,-0.0115,-0.0115,0.0115,-0.0115,-0.0115,-0.0115,-0.0115,-0.0115,-0.0115,-0.0115,-0.0115,-0.0115,-0.0115,-0.0115,0.0284,-0.0115,-0.0115,0.0284
200212,0,0.0225,0,0,0,0,0,0,0,0,0,0,0.0225,0.0225,0.0225,0.0225,-0.0225,0.0225,0.0225,-0.0225,-0.0225,0.0225,0.0225,0.0225,0.0225,0.0225,0.0225,0.0225,0,0,0,0
200301,0.0139,-0.0093,0.0139,0.0139,0.0139,-0.0139,0.0139,-0.0139,0.0139,-0.0139,0.0139,0.0139,-0.0093,-0.0093,-0.0093,-0.0093,0.0093,-0.0093,-0.0093,-0.0093,0.0093,-0.0093,-0.0093,-0.0093,-0.0093,-0.0093,-0.0093,-0.0093,0.0139,0.0139,0.0139,0.0139
200302,-0.0034,-0.0146,-0.0034,-0.0034,-0.0034,0.0034,-0.0034,0.0034,0.0034,0.0034,-0.0034,-0.0034,-0.0146,-0.0146,-0.0146,-0.0146,0.0146,-0.0146,-0.0146,0.0146,0.0146,-0.0146,-0.0146,-0.0146,-0.0146,-0.0146,-0.0146,-0.0146,-0.0034,-0.0034,-0.0034,-0.0034
200303,0.0089,-0.0209,0.0089,0.0089,0.0089,-0.0089,0.0089,-0.0089,-0.0089,-0.0089,0.0089,0.0089,-0.0209,-0.0209,-0.0209,-0.0209,0.0209,-0.0209,-0.0209,-0.0209,0.0209,-0.0209,-0.0209,-0.0209,-0.0209,-0.0209,-0.0209,-0.0209,0.0089,0.0089,0.0089,0.0089
200304,0.0057,0.0103,0.0057,0.0057,0.0057,-0.0057,0.0057,-0.0057,0.0057,-0.0057,0.0057,0.0057,0.0103,0.0103,0.0103,0.0103,-0.0103,0.0103,0.0103,-0.0103,-0.0103,0.0103,0.0103,0.0103,0.0103,0.0103,0.0103,0.0103,0.0057,0.0057,0.0057,0.0057
200305,0.047,-0.003,0.047,0.047,0.047,0.047,0.047,-0.047,0.047,0.047,0.047,0.047,-0.003,-0.003,-0.003,-0.003,0.003,-0.003,-0.003,-0.003,0.003,-0.003,-0.003,-0.003,-0.003,-0.003,-0.003,0.047,0.047,-0.003,0.047,0.047
200306,0.0167,0.0066,0.0167,0.0167,0.0167,0.0167,0.0167,0.0167,0.0167,-0.0167,0.0167,0.0167,0.0066,0.0066,0.0066,0.0066,0.0066,0.0066,0.0066,-0.0066,0.0066,0.0066,0.0066,0.0066,0.0066,0.0167,0.0066,0.0167,0.0167,0.0066,0.0066,0.0167
200307,0.0525,-0.0115,0.0525,0.0525,0.0525,0.0525,0.0525,-0.0525,0.0525,-0.0525,-0.0525,0.0525,-0.0115,-0.0115,-0.0115,-0.0115,-0.0115,0.0115,-0.0115,0.0115,-0.0115,-0.0115,-0.0115,-0.0115,-0.0115,-0.0115,-0.0115,-0.0115,-0.0115,0.0525,-0.0115,-0.0115
200308,0.026,0.0203,0.026,0.026,0.026,0.026,0.026,-0.026,0.026,-0.026,-0.026,0.026,-0.0203,0.0203,0.0203,0.0203,0.0203,-0.0203,0.0203,0.0203,-0.0203,0.0203,0.0203,0.0203,0.0203,0.0203,0.0203,0.0203,0.0203,0.0203,0.0203,0.0203
200309,0.0079,0.0002,0.0079,0.0079,0.0079,0.0079,0.0079,0.0079,0.0079,0.0079,-0.0079,0.0079,0.0002,0.0002,0.0002,0.0002,0.0002,0.0002,0.0002,0.0002,-0.0002,0.0002,0.0002,0.0002,0.0002,0.0002,0.0002,0.0002,0.0079,0.0002,0.0002,0.0002
200310,0.0268,0.0176,0.0268,0.0268,-0.0268,-0.0268,0.0268,-0.0268,0.0268,0.0268,-0.0268,0.0268,0.0176,0.0176,0.0176,0.0176,0.0176,-0.0176,0.0176,0.0176,-0.0176,0.0176,0.0176,0.0268,0.0176,0.0176,0.0176,0.0176,0.0268,0.0268,0.0268,0.0268
200311,0.0201,0.0186,0.0201,0.0201,0.0201,0.0201,0.0201,0.0201,0.0201,-0.0201,-0.0201,0.0201,0.0186,0.0186,0.0186,0.0186,0.0186,0.0186,0.0186,-0.0186,0.0186,0.0186,0.0201,0.0201,0.0186,0.0201,0.0186,0.0186,0.0201,0.0186,0.0186,0.0201
200312,-0.0301,0.0242,-0.0301,-0.0301,-0.0301,0.0301,-0.0301,0.0301,-0.0301,0.0301,0.0301,-0.0301,0.0242,0.0242,0.0242,0.0242,0.0242,0.0242,0.0242,0.0242,0.0242,0.0242,0.0242,-0.0301,0.0242,0.0242,0.0242,0.0242,-0.0301,0.0242,0.0242,-0.0301
200401,0.028,0.0197,0.028,0.028,0.028,0.028,0.028,0.028,0.028,0.028,0.028,0.028,0.0197,0.0197,0.0197,0.0197,0.0197,-0.0197,0.0197,0.0197,-0.0197,0.0197,0.0197,0.028,0.0197,0.0197,0.0197,0.028,0.028,0.0197,0.028,0.028
200402,-0.0143,0.0049,-0.0143,-0.0143,0.0143,-0.0143,-0.0143,-0.0143,-0.0143,0.0143,0.0143,-0.0143,0.0049,0.0049,0.0049,0.0049,0.0049,-0.0049,0.0049,0.0049,0.0049,0.0049,0.0049,-0.0143,0.0049,0.0049,0.0049,0.0049,-0.0143,0.0049,0.0049,-0.0143
200403,0.0175,0.0021,-0.0175,-0.0175,-0.0175,-0.0175,0.0175,-0.0175,0.0175,-0.0175,-0.0175,0.0175,0.0021,0.0021,0.0021,0.0021,0.0021,-0.0021,-0.0021,0.0021,0.0021,0.0021,0.0021,0.0175,0.0021,0.0021,0.0021,0.0021,0.0175,0.0021,0.0021,0.0175
200404,-0.0206,-0.0262,-0.0206,0.0206,0.0206,0.0206,-0.0206,-0.0206,0.0206,0.0206,0.0206,0.0206,-0.0262,-0.0262,-0.0262,-0.0262,-0.0262,0.0262,0.0262,0.0262,-0.0262,-0.0262,-0.0262,-0.0262,-0.0262,-0.0262,-0.0262,-0.0206,-0.0262,-0.0262,-0.0262,-0.0262
200405,-0.0021,-0.0039,0.0021,0.0021,0.0021,0.0021,-0.0021,0.0021,0.0021,0.0021,-0.0021,0.0021,-0.0039,-0.0039,-0.0039,-0.0039,-0.0039,-0.0039,-0.0039,-0.0039,-0.0039,-0.0039,-0.0039,-0.0039,-0.0039,-0.0039,-0.0039,-0.0039,-0.0039,-0.0021,-0.0039,-0.0039
200406,0.0226,0.0138,-0.0226,0.0226,-0.0226,0.0226,-0.0226,-0.0226,-0.0226,0.0226,0.0226,-0.0226,0.0138,0.0138,0.0138,0.0138,0.0138,0.0138,0.0138,0.0138,0.0138,0.0138,0.0138,0.0138,0.0138,0.0226,0.0226,0.0138,0.0138,0.0226,0.0138,0.0138
200407,-0.038,0.041,-0.038,-0.038,-0.038,-0.038,0.038,-0.038,0.038,-0.038,-0.038,-0.038,0.041,0.041,0.041,0.041,0.041,0.041,0.041,0.041,0.041,0.041,0.041,0.041,0.041,-0.038,-0.038,-0.038,0.041,-0.038,0.041,0.041
200408,-0.0163,0.0103,0.0163,0.0163,0.0163,0.0163,0.0163,-0.0163,0.0163,0.0163,0.0163,0.0163,0.0103,0.0103,0.0103,0.0103,0.0103,0.0103,0.0103,0.0103,0.0103,0.0103,0.0103,0.0103,0.0103,0.0103,-0.0163,-0.0163,0.0103,0.0103,-0.0163,0.0103
200409,0.0303,-0.0025,0.0303,-0.0303,0.0303,-0.0303,-0.0303,-0.0303,-0.0303,-0.0303,0.0303,-0.0303,-0.0025,-0.0025,-0.0025,-0.0025,-0.0025,-0.0025,-0.0025,0.0025,-0.0025,-0.0025,-0.0025,-0.0025,-0.0025,-0.0025,0.0303,-0.0025,-0.0025,-0.0025,-0.0025,-0.0025
200410,0.0031,-0.0062,-0.0031,0.0031,0.0031,0.0031,-0.0031,0.0031,-0.0031,-0.0031,-0.0031,-0.0031,-0.0062,-0.0062,-0.0062,-0.0062,-0.0062,0.0062,-0.0062,-0.0062,0.0062,-0.0062,-0.0062,0.0031,-0.0062,0.0031,0.0031,-0.0062,-0.0062,0.0031,0.0031,-0.0062
200411,0.0391,0.0179,-0.0391,-0.0391,0.0391,0.0391,-0.0391,-0.0391,-0.0391,0.0391,0.0391,-0.0391,0.0179,0.0179,0.0179,0.0179,0.0179,-0.0179,0.0179,-0.0179,0.0179,0.0179,0.0179,0.0391,0.0179,0.0391,0.0391,0.0179,0.0391,0.0391,0.0391,0.0179
200412,0.0012,-0.0006,0.0012,0.0012,0.0012,0.0012,-0.0012,0.0012,-0.0012,-0.0012,-0.0012,0.0012,-0.0006,-0.0006,-0.0006,-0.0006,-0.0006,-0.0006,-0.0006,-0.0006,-0.0006,-0.0006,0.0012,0.0012,-0.0006,0.0012,0.0012,-0.0006,-0.0006,0.0012,0.0012,0.0012
200501,-0.0151,0.0197,-0.0151,-0.0151,-0.0151,-0.0151,0.0151,-0.0151,0.0151,-0.0151,-0.0151,-0.0151,0.0197,0.0197,0.0197,0.0197,0.0197,-0.0197,0.0197,0.0197,0.0197,0.0197,-0.0151,-0.0151,0.0197,-0.0151,-0.0151,0.0197,0.0197,-0.0151,-0.0151,-0.0151
200502,-0.0051,0.0163,0.0051,0.0051,0.0051,0.0051,0.0051,0.0051,0.0051,-0.0051,0.0051,0.0051,0.0163,0.0163,0.0163,0.0163,0.0163,0.0163,0.0163,0.0163,0.0163,0.0163,0.0163,0.0163,0.0163,0.0163,-0.0051,0.0163,-0.0051,-0.0051,-0.0051,0.0163
200503,-0.0139,0.0158,-0.0139,-0.0139,-0.0139,-0.0139,0.0139,0.0139,0.0139,-0.0139,-0.0139,-0.0139,0.0158,0.0158,0.0158,0.0158,0.0158,-0.0158,0.0158,0.0158,0.0158,0.0158,0.0158,-0.0139,0.0158,-0.0139,-0.0139,0.0158,-0.0139,-0.0139,-0.0139,-0.0139
200504,-0.0399,-0.0034,0.0399,0.0399,-0.0399,0.0399,0.0399,-0.0399,0.0399,0.0399,0.0399,-0.0399,-0.0034,-0.0034,-0.0034,-0.0034,-0.0034,0.0034,-0.0034,-0.0034,-0.0034,-0.0034,-0.0034,-0.0399,-0.0034,-0.0034,-0.0399,-0.0034,-0.0034,-0.0399,-0.0399,-0.0399
200505,0.0289,-0.0081,-0.0289,-0.0289,-0.0289,-0.0289,-0.0289,0.0289,0.0289,0.0289,-0.0289,0.0289,-0.0081,-0.0081,-0.0081,-0.0081,-0.0081,0.0081,-0.0081,-0.0081,-0.0081,-0.0081,-0.0081,-0.0081,-0.0081,-0.0081,0.0289,-0.0081,-0.0081,0.0289,0.0289,-0.0081
200506,0.0262,0.0262,0.0262,0.0262,0.0262,0.0262,0.0262,-0.0262,0.0262,0.0262,-0.0262,0.0262,0.0262,0.0262,0.0262,0.0262,-0.0262,-0.0262,0.0262,0.0262,0.0262,0.0262,0.0262,0.0262,0.0262,0.0262,0.0262,0.0262,0.0262,0.0262,0.0262,0.0262
200507,0.0293,-0.0051,0.0293,0.0293,0.0293,-0.0293,0.0293,0.0293,0.0293,-0.0293,-0.0293,0.0293,-0.0051,-0.0051,-0.0051,-0.0051,0.0051,-0.0051,-0.0051,0.0051,-0.0051,-0.0051,-0.0051,-0.0051,-0.0051,-0.0051,-0.0051,-0.0051,-0.0051,0.0293,0.0293,-0.0051
200508,-0.0092,0.0127,-0.0092,-0.0092,-0.0092,-0.0092,-0.0092,-0.0092,-0.0092,0.0092,0.0092,-0.0092,0.0127,0.0127,0.0127,0.0127,-0.0127,-0.0127,0.0127,0.0127,0.0127,0.0127,-0.0092,-0.0092,0.0127,-0.0092,0.0127,0.0127,0.0127,-0.0092,-0.0092,-0.0092
200509,-0.0058,0.0077,0.0058,0.0058,-0.0058,0.0058,-0.0058,-0.0058,-0.0058,-0.0058,-0.0058,-0.0058,0.0077,0.0077,0.0077,0.0077,-0.0077,0.0077,0.0077,-0.0077,0.0077,0.0077,0.0077,0.0077,0.0077,0.0077,0.0077,0.0077,0.0077,-0.0058,-0.0058,-0.0058
200510,-0.0121,0.0023,-0.0121,-0.0121,-0.0121,-0.0121,-0.0121,0.0121,0.0121,-0.0121,-0.0121,-0.0121,0.0023,0.0023,0.0023,0.0023,-0.0023,-0.0023,0.0023,-0.0023,-0.0023,0.0023,-0.0121,0.0023,0.0023,0.0023,0.0023,0.0023,0.0023,0.0023,-0.0121,-0.0121
200511,0.0091,-0.0118,-0.0091,-0.0091,-0.0091,-0.0091,0.0091,-0.0091,-0.0091,-0.0091,0.0091,-0.0091,-0.0118,-0.0118,-0.0118,-0.0118,0.0118,-0.0118,-0.0118,0.0118,-0.0118,-0.0118,-0.0118,-0.0118,-0.0118,-0.0118,-0.0118,-0.0118,-0.0118,-0.0118,0.0091,-0.0118
200512,-0.0046,0.0044,0.0046,0.0046,-0.0046,0.0046,-0.0046,0.0046,0.0046,-0.0046,0.0046,0.0046,0.0044,0.0044,0.0044,0.0044,-0.0044,-0.0044,0.0044,0.0044,-0.0044,0.0044,-0.0046,0.0044,0.0044,-0.0046,0.0044,0.0044,0.0044,0.0044,-0.0046,0.0044
200601,0.0542,0.0112,-0.0542,-0.0542,-0.0542,-0.0542,0.0542,-0.0542,-0.0542,0.0542,0.0542,-0.0542,0.0112,0.0112,0.0112,0.0112,-0.0112,0.0112,0.0112,0.0112,-0.0112,0.0112,0.0112,0.0112,0.0112,0.0112,0.0112,0.0112,0.0112,0.0542,0.0542,0.0112
200602,-0.0038,-0.0025,-0.0038,0.0038,-0.0038,-0.0038,-0.0038,-0.0038,0.0038,0.0038,0.0038,0.0038,-0.0025,-0.0025,-0.0025,-0.0025,0.0025,-0.0025,-0.0025,-0.0025,-0.0025,-0.0025,-0.0025,-0.0025,-0.0025,-0.0038,-0.0025,-0.0038,-0.0025,-0.0025,-0.0025,-0.0025
200603,0.0355,0.0061,-0.0355,-0.0355,0.0355,-0.0355,0.0355,-0.0355,-0.0355,-0.0355,-0.0355,-0.0355,0.0061,0.0061,0.0061,0.0061,-0.0061,-0.0061,0.0061,0.0061,0.0061,0.0061,0.0061,0.0061,0.0061,0.0061,0.0061,0.0061,0.0061,0.0061,0.0061,0.0061
200604,-0.0134,0.0259,0.0134,0.0134,-0.0134,-0.0134,-0.0134,-0.0134,0.0134,0.0134,0.0134,0.0134,0.0259,0.0259,0.0259,0.0259,-0.0259,-0.0259,0.0259,0.0259,0.0259,0.0259,0.0259,0.0259,0.0259,-0.0134,0.0259,0.0259,0.0259,0.0259,0.0259,0.0259
200605,-0.0304,0.0255,0.0304,0.0304,-0.0304,0.0304,-0.0304,0.0304,0.0304,-0.0304,0.0304,0.0304,0.0255,0.0255,0.0255,0.0255,-0.0255,0.0255,0.0255,-0.0255,0.0255,0.0255,0.0255,0.0255,0.0255,0.0255,0.0255,0.0255,0.0255,-0.0304,0.0255,0.0255
200606,-0.0035,0.0087,0.0035,0.0035,0.0035,0.0035,-0.0035,0.0035,0.0035,0.0035,-0.0035,0.0035,0.0087,0.0087,0.0087,0.0087,-0.0087,0.0087,0.0087,-0.0087,0.0087,0.0087,0.0087,0.0087,0.0087,0.0087,-0.0035,0.0087,0.0087,0.0087,-0.0035,0.0087
200607,-0.0408,0.0294,0.0408,0.0408,-0.0408,0.0408,-0.0408,-0.0408,0.0408,0.0408,-0.0408,0.0408,0.0294,0.0294,0.0294,0.0294,-0.0294,0.0294,0.0294,-0.0294,0.0294,0.0294,0.0294,0.0294,0.0294,0.0294,-0.0408,0.0294,0.0294,0.0294,0.0294,0.0294
200608,0.009,-0.0172,-0.009,-0.009,0.009,-0.009,0.009,-0.009,-0.009,0.009,0.009,-0.009,-0.0172,-0.0172,-0.0172,-0.0172,0.0172,-0.0172,-0.0172,0.0172,-0.0172,-0.0172,-0.0172,-0.0172,-0.0172,-0.0172,0.009,-0.0172,-0.0172,0.009,0.009,-0.0172
200609,-0.0137,0.0005,-0.0137,0.0137,-0.0137,0.0137,-0.0137,-0.0137,0.0137,-0.0137,-0.0137,0.0137,0.0005,0.0005,0.0005,0.0005,-0.0005,0.0005,0.0005,-0.0005,0.0005,0.0005,0.0005,0.0005,0.0005,0.0005,-0.0137,-0.0137,0.0005,0.0005,-0.0137,0.0005
200610,0.0173,-0.0004,0.0173,-0.0173,0.0173,-0.0173,0.0173,0.0173,0.0173,0.0173,0.0173,-0.0173,-0.0004,-0.0004,-0.0004,-0.0004,0.0004,-0.0004,-0.0004,-0.0004,-0.0004,-0.0004,-0.0004,-0.0004,-0.0004,-0.0004,0.0173,0.0173,-0.0004,0.0173,0.0173,-0.0004
200611,0.0086,0.0007,0.0086,-0.0086,0.0086,-0.0086,0.0086,-0.0086,0.0086,0.0086,-0.0086,0.0086,0.0007,0.0007,0.0007,0.0007,-0.0007,0.0007,0.0007,0.0007,0.0007,0.0007,0.0007,0.0007,0.0007,0.0007,0.0086,0.0007,0.0007,0.0007,0.0007,0.0007
200612,-0.011,0.0316,-0.011,0.011,-0.011,0.011,-0.011,-0.011,0.011,-0.011,0.011,0.011,0.0316,0.0316,0.0316,0.0316,-0.0316,0.0316,0.0316,0.0316,0.0316,0.0316,0.0316,0.0316,0.0316,0.0316,-0.011,-0.011,0.0316,0.0316,0.0316,0.0316
200701,0.001,-0.0011,0.001,-0.001,-0.001,-0.001,0.001,-0.001,-0.001,-0.001,-0.001,-0.001,-0.0011,-0.0011,-0.0011,-0.0011,0.0011,-0.0011,-0.0011,-0.0011,-0.0011,-0.0011,-0.0011,-0.0011,-0.0011,-0.0011,0.001,-0.0011,-0.0011,-0.0011,-0.0011,-0.0011
200702,0.0132,-0.0009,0.0132,0.0132,-0.0132,-0.0132,0.0132,-0.0132,-0.0132,-0.0132,-0.0132,-0.0132,-0.0009,-0.0009,-0.0009,-0.0009,0.0009,-0.0009,-0.0009,-0.0009,0.0009,-0.0009,-0.0009,-0.0009,-0.0009,-0.0009,0.0132,0.0132,-0.0009,-0.0009,-0.0009,-0.0009
200703,-0.0006,-0.0022,0.0006,0.0006,0.0006,0.0006,-0.0006,0.0006,0.0006,0.0006,0.0006,0.0006,-0.0022,-0.0022,-0.0022,-0.0022,0.0022,-0.0022,-0.0022,0.0022,0.0022,-0.0022,-0.0022,-0.0022,-0.0022,-0.0022,-0.0006,-0.0022,-0.0022,-0.0022,-0.0022,-0.0022
200704,-0.0206,-0.0115,-0.0206,0.0206,0.0206,0.0206,-0.0206,0.0206,0.0206,-0.0206,-0.0206,0.0206,-0.0115,-0.0115,-0.0115,-0.0115,0.0115,-0.0115,-0.0115,0.0115,0.0115,-0.0115,-0.0115,-0.0115,-0.0115,-0.0115,-0.0206,-0.0206,-0.0115,-0.0206,-0.0115,-0.0115
200705,0.0003,-0.0005,0.0003,-0.0003,0.0003,-0.0003,0.0003,-0.0003,0.0003,-0.0003,-0.0003,-0.0003,-0.0005,-0.0005,-0.0005,-0.0005,0.0005,-0.0005,-0.0005,0.0005,0.0005,-0.0005,0.0003,-0.0005,-0.0005,-0.0005,0.0003,-0.0005,-0.0005,0.0003,0.0003,-0.0005
200706,0.0077,-0.0113,0.0077,-0.0077,0.0077,-0.0077,-0.0077,-0.0077,0.0077,-0.0077,-0.0077,-0.0077,-0.0113,-0.0113,-0.0113,0.0113,-0.0113,-0.0113,-0.0113,0.0113,0.0113,-0.0113,0.0077,-0.0113,-0.0113,0.0077,-0.0113,-0.0113,-0.0113,0.0077,0.0077,0.0077
200707,-0.0251,-0.0334,0.0251,0.0251,0.0251,0.0251,0.0251,0.0251,0.0251,-0.0251,0.0251,0.0251,-0.0334,-0.0334,-0.0334,0.0334,-0.0334,0.0334,-0.0334,-0.0334,0.0334,-0.0334,-0.0334,-0.0334,-0.0334,-0.0334,-0.0334,-0.0251,-0.0334,-0.0334,-0.0334,-0.0334
200708,-0.0013,-0.0224,0.0013,0.0013,0.0013,0.0013,0.0013,0.0013,0.0013,-0.0013,-0.0013,0.0013,-0.0224,-0.0224,-0.0224,0.0224,-0.0224,0.0224,-0.0224,0.0224,0.0224,-0.0224,-0.0224,-0.0224,-0.0224,-0.0224,-0.0224,-0.0224,-0.0224,-0.0013,-0.0224,-0.0224
200709,-0.0229,-0.0187,-0.0229,0.0229,0.0229,0.0229,0.0229,0.0229,0.0229,0.0229,0.0229,0.0229,-0.0187,-0.0187,-0.0187,0.0187,-0.0187,-0.0187,-0.0187,0.0187,0.0187,-0.0187,-0.0229,-0.0187,-0.0187,-0.0187,-0.0187,-0.0187,-0.0187,-0.0187,-0.0187,-0.0229
200710,0.0022,-0.0259,0.0022,0.0022,0.0022,-0.0022,-0.0022,0.0022,-0.0022,-0.0022,0.0022,-0.0022,0.0259,0.0259,-0.0259,0.0259,-0.0259,-0.0259,0.0259,-0.0259,0.0259,0.0259,0.0022,0.0022,-0.0259,0.0022,-0.0259,-0.0259,0.0022,0.0022,0.0022,0.0022
200711,-0.0263,-0.0118,-0.0263,-0.0263,0.0263,0.0263,0.0263,0.0263,0.0263,0.0263,0.0263,0.0263,0.0118,0.0118,-0.0118,0.0118,-0.0118,-0.0118,0.0118,-0.0118,-0.0118,0.0118,-0.0263,-0.0263,-0.0118,-0.0263,-0.0118,-0.0118,-0.0263,-0.0118,-0.0118,-0.0263
200712,0.002,-0.0052,-0.002,-0.002,-0.002,-0.002,-0.002,-0.002,-0.002,-0.002,-0.002,-0.002,0.0052,0.0052,-0.0052,0.0052,-0.0052,0.0052,0.0052,-0.0052,-0.0052,0.0052,0.002,0.002,-0.0052,-0.0052,-0.0052,-0.0052,0.002,-0.0052,-0.0052,0.002
200801,-0.0089,0.0365,-0.0089,-0.0089,-0.0089,-0.0089,0.0089,0.0089,0.0089,0.0089,0.0089,0.0089,-0.0365,-0.0365,0.0365,-0.0365,0.0365,-0.0365,-0.0365,0.0365,0.0365,-0.0365,-0.0089,-0.0089,0.0365,0.0365,0.0365,0.0365,-0.0089,-0.0089,-0.0089,-0.0089
200802,-0.0023,-0.0095,-0.0023,-0.0023,0.0023,-0.0023,0.0023,0.0023,0.0023,0.0023,0.0023,0.0023,0.0095,0.0095,-0.0095,0.0095,-0.0095,0.0095,0.0095,-0.0095,0.0095,0.0095,-0.0023,-0.0095,-0.0095,-0.0095,-0.0095,-0.0095,-0.0023,-0.0023,-0.0095,-0.0023
200803,0.0094,-0.0015,0.0094,0.0094,0.0094,0.0094,-0.0094,-0.0094,0.0094,-0.0094,-0.0094,0.0094,0.0015,0.0015,-0.0015,0.0015,-0.0015,0.0015,0.0015,0.0015,0.0015,0.0015,0.0094,0.0094,-0.0015,0.0094,-0.0015,-0.0015,0.0094,0.0094,0.0094,0.0094
200804,-0.0164,-0.0096,-0.0164,-0.0164,-0.0164,-0.0164,0.0164,0.0164,-0.0164,0.0164,0.0164,-0.0164,0.0096,0.0096,-0.0096,0.0096,-0.0096,0.0096,0.0096,0.0096,0.0096,0.0096,-0.0164,-0.0164,-0.0096,-0.0096,-0.0096,-0.0096,-0.0164,-0.0164,-0.0096,-0.0164
200805,0.0322,-0.0138,0.0322,0.0322,0.0322,0.0322,-0.0322,0.0322,0.0322,-0.0322,-0.0322,0.0322,0.0138,0.0138,-0.0138,0.0138,-0.0138,0.0138,0.0138,-0.0138,0.0138,0.0138,0.0322,0.0322,-0.0138,0.0322,-0.0138,0.0322,0.0322,0.0322,0.0322,0.0322
200806,0.0127,-0.0243,0.0127,0.0127,0.0127,0.0127,-0.0127,0.0127,0.0127,-0.0127,-0.0127,0.0127,0.0243,0.0243,-0.0243,0.0243,-0.0243,0.0243,0.0243,-0.0243,0.0243,0.0243,0.0127,0.0127,-0.0243,0.0127,-0.0243,-0.0243,0.0127,-0.0243,0.0127,0.0127
200807,0.0247,0.0581,0.0247,0.0247,-0.0247,-0.0247,-0.0247,0.0247,0.0247,-0.0247,-0.0247,0.0247,-0.0581,-0.0581,0.0581,-0.0581,0.0581,-0.0581,-0.0581,0.0581,-0.0581,-0.0581,0.0247,0.0247,0.0581,0.0247,0.0581,0.0581,0.0247,0.0581,0.0581,0.0247
200808,0.0361,0.0156,0.0361,0.0361,0.0361,0.0361,-0.0361,-0.0361,0.0361,-0.0361,-0.0361,0.0361,0.0156,0.0156,0.0156,-0.0156,0.0156,-0.0156,-0.0156,-0.0156,-0.0156,-0.0156,0.0361,0.0361,0.0156,0.0156,0.0156,0.0156,0.0361,0.0156,0.0361,0.0361
200809,-0.0113,0.0633,-0.0113,-0.0113,-0.0113,-0.0113,0.0113,0.0113,-0.0113,0.0113,0.0113,-0.0113,-0.0633,0.0633,0.0633,0.0633,0.0633,-0.0633,-0.0633,-0.0633,0.0633,-0.0633,-0.0113,-0.0113,0.0633,-0.0113,0.0633,0.0633,-0.0113,0.0633,-0.0113,-0.0113
200810,-0.0234,-0.029,-0.0234,-0.0234,0.0234,-0.0234,0.0234,0.0234,-0.0234,0.0234,0.0234,-0.0234,-0.029,-0.029,-0.029,-0.029,-0.029,0.029,0.029,0.029,0.029,-0.029,-0.0234,-0.0234,-0.029,-0.029,-0.029,-0.0234,-0.029,-0.029,-0.0234,-0.0234
200811,-0.0299,-0.0594,-0.0299,-0.0299,0.0299,0.0299,0.0299,-0.0299,-0.0299,0.0299,0.0299,-0.0299,0.0594,0.0594,-0.0594,0.0594,-0.0594,0.0594,0.0594,0.0594,0.0594,-0.0594,-0.0299,-0.0299,-0.0594,-0.0594,-0.0594,-0.0299,-0.0299,-0.0299,-0.0299,-0.0299
200812,0.0359,-0.0024,0.0359,0.0359,0.0359,0.0359,-0.0359,0.0359,0.0359,0.0359,-0.0359,0.0359,0.0024,0.0024,-0.0024,0.0024,-0.0024,0.0024,0.0024,0.0024,0.0024,-0.0024,0.0359,0.0359,-0.0024,0.0359,-0.0024,0.0359,0.0359,0.0359,0.0359,0.0359
200901,-0.0001,-0.111,-0.0001,-0.0001,-0.0001,-0.0001,0.0001,-0.0001,-0.0001,-0.0001,-0.0001,-0.0001,-0.111,-0.111,-0.111,-0.111,-0.111,-0.111,0.111,0.111,0.111,-0.111,-0.0001,-0.0001,-0.111,-0.0001,-0.111,-0.0001,-0.0001,-0.0001,-0.0001,-0.0001
200902,0.0016,-0.0725,0.0016,0.0016,0.0016,0.0016,-0.0016,0.0016,0.0016,0.0016,0.0016,0.0016,0.0725,0.0725,-0.0725,0.0725,-0.0725,0.0725,0.0725,0.0725,0.0725,-0.0725,0.0016,0.0016,-0.0725,0.0016,-0.0725,-0.0725,0.0016,0.0016,0.0016,0.0016
200903,-0.0008,0.0352,-0.0008,-0.0008,-0.0008,-0.0008,0.0008,0.0008,-0.0008,-0.0008,-0.0008,-0.0008,-0.0352,-0.0352,0.0352,0.0352,0.0352,-0.0352,-0.0352,-0.0352,-0.0352,0.0352,-0.0008,-0.0008,0.0352,-0.0008,0.0352,0.0352,-0.0008,-0.0008,-0.0008,-0.0008
200904,0.0483,0.0546,0.0483,0.0483,0.0483,0.0483,-0.0483,0.0483,0.0483,0.0483,0.0483,0.0483,0.0546,0.0546,0.0546,0.0546,0.0546,-0.0546,-0.0546,-0.0546,-0.0546,0.0546,0.0483,0.0483,0.0546,0.0483,0.0546,0.0483,0.0483,0.0483,0.0483,0.0483
200905,-0.0233,-0.0021,-0.0233,-0.0233,-0.0233,-0.0233,0.0233,-0.0233,-0.0233,-0.0233,-0.0233,-0.0233,-0.0021,-0.0021,-0.0021,-0.0021,-0.0021,-0.0021,0.0021,0.0021,0.0021,-0.0021,-0.0233,-0.0233,-0.0021,-0.0233,-0.0021,-0.0021,-0.0233,-0.0233,-0.0233,-0.0233
200906,0.0261,-0.0271,0.0261,0.0261,0.0261,0.0261,0.0261,0.0261,0.0261,0.0261,0.0261,0.0261,0.0271,0.0271,-0.0271,0.0271,-0.0271,0.0271,0.0271,0.0271,0.0271,-0.0271,0.0261,0.0261,-0.0271,0.0261,-0.0271,0.0261,0.0261,0.0261,0.0261,0.0261
200907,0.0207,0.0527,0.0207,0.0207,-0.0207,0.0207,0.0207,0.0207,0.0207,-0.0207,0.0207,0.0207,-0.0527,-0.0527,0.0527,-0.0527,0.0527,-0.0527,-0.0527,-0.0527,-0.0527,0.0527,0.0207,0.0207,0.0527,0.0207,0.0527,0.0527,0.0207,0.0207,0.0207,0.0207
200908,-0.009,0.0776,-0.009,-0.009,-0.009,-0.009,-0.009,0.009,-0.009,-0.009,-0.009,-0.009,-0.0776,0.0776,0.0776,0.0776,0.0776,-0.0776,-0.0776,-0.0776,-0.0776,0.0776,-0.009,-0.009,0.0776,-0.009,0.0776,0.0776,-0.009,0.0776,0.0776,-0.009
200909,0.0245,0.0092,0.0245,0.0245,-0.0245,0.0245,0.0245,-0.0245,0.0245,0.0245,0.0245,0.0245,-0.0092,0.0092,0.0092,0.0092,0.0092,-0.0092,-0.0092,0.0092,0.0092,0.0092,0.0245,0.0245,0.0092,0.0245,0.0092,0.0092,0.0245,0.0245,0.0092,0.0245
200910,-0.0423,-0.0418,-0.0423,-0.0423,0.0423,-0.0423,-0.0423,0.0423,-0.0423,-0.0423,0.0423,-0.0423,0.0418,0.0418,-0.0418,-0.0418,-0.0418,0.0418,-0.0418,-0.0418,-0.0418,-0.0418,-0.0423,-0.0423,-0.0418,-0.0423,-0.0418,-0.0418,-0.0418,-0.0423,-0.0418,-0.0423
200911,-0.0249,-0.0017,-0.0249,-0.0249,-0.0249,-0.0249,-0.0249,-0.0249,-0.0249,-0.0249,0.0249,-0.0249,0.0017,0.0017,-0.0017,0.0017,-0.0017,0.0017,-0.0017,-0.0017,-0.0017,-0.0017,-0.0249,-0.0249,-0.0017,-0.0249,-0.0017,-0.0249,-0.0017,-0.0249,-0.0017,-0.0249
200912,0.0611,0.0001,0.0611,0.0611,-0.0611,0.0611,0.0611,0.0611,0.0611,0.0611,0.0611,0.0611,0.0001,-0.0001,0.0001,-0.0001,0.0001,-0.0001,0.0001,0.0001,0.0001,0.0001,0.0611,0.0611,0.0001,0.0611,0.0001,0.0611,0.0001,0.0611,0.0001,0.0611
201001,0.0038,0.0031,0.0038,-0.0038,-0.0038,0.0038,0.0038,-0.0038,0.0038,-0.0038,0.0038,0.0038,0.0031,-0.0031,0.0031,-0.0031,0.0031,-0.0031,0.0031,0.0031,0.0031,0.0031,0.0038,0.0038,0.0031,0.0038,0.0031,0.0031,0.0031,0.0038,0.0031,0.0038
201002,0.0121,0.0317,-0.0121,-0.0121,-0.0121,-0.0121,0.0121,-0.0121,0.0121,0.0121,0.0121,-0.0121,0.0317,0.0317,0.0317,-0.0317,0.0317,-0.0317,0.0317,-0.0317,0.0317,0.0317,0.0121,0.0121,0.0317,0.0121,0.0317,0.0317,0.0121,0.0121,0.0317,0.0121
201003,0.0143,0.021,0.0143,0.0143,-0.0143,0.0143,0.0143,-0.0143,0.0143,0.0143,0.0143,-0.0143,0.021,0.021,0.021,0.021,0.021,-0.021,0.021,-0.021,0.021,0.021,0.0143,0.0143,0.021,0.0143,0.021,0.021,0.0143,0.0143,0.021,0.0143
201004,0.0498,0.0281,0.0498,0.0498,-0.0498,0.0498,0.0498,-0.0498,0.0498,0.0498,0.0498,0.0498,0.0281,0.0281,0.0281,0.0281,0.0281,-0.0281,0.0281,0.0281,0.0281,0.0281,0.0498,0.0498,0.0281,0.0498,0.0281,0.0281,0.0498,0.0498,0.0498,0.0498
201005,0.0005,-0.0238,-0.0005,-0.0005,-0.0005,0.0005,0.0005,-0.0005,0.0005,0.0005,0.0005,-0.0005,-0.0238,-0.0238,-0.0238,0.0238,-0.0238,-0.0238,-0.0238,-0.0238,-0.0238,-0.0238,-0.0238,0.0005,-0.0238,0.0005,-0.0238,-0.0238,-0.0238,0.0005,-0.0238,0.0005
201006,-0.0198,-0.045,0.0198,0.0198,0.0198,-0.0198,0.0198,-0.0198,-0.0198,-0.0198,-0.0198,0.0198,-0.045,-0.045,-0.045,0.045,-0.045,0.045,-0.045,-0.045,-0.045,-0.045,-0.045,-0.0198,-0.045,-0.045,-0.0198,-0.045,-0.045,-0.0198,-0.045,-0.045
201007,0.0017,-0.0026,-0.0017,-0.0017,0.0017,0.0017,-0.0017,0.0017,0.0017,0.0017,0.0017,-0.0017,-0.0026,0.0026,-0.0026,0.0026,-0.0026,0.0026,-0.0026,0.0026,-0.0026,-0.0026,-0.0026,0.0017,-0.0026,0.0017,0.0017,0.0017,-0.0026,0.0017,-0.0026,-0.0026
201008,-0.03,-0.0196,-0.03,0.03,-0.03,-0.03,0.03,-0.03,-0.03,-0.03,-0.03,0.03,-0.0196,-0.0196,-0.0196,-0.0196,-0.0196,-0.0196,-0.0196,-0.0196,-0.0196,-0.0196,-0.0196,-0.03,-0.0196,-0.03,-0.03,-0.03,-0.0196,-0.03,-0.03,-0.0196
201009,0.0392,-0.0312,-0.0392,-0.0392,-0.0392,0.0392,-0.0392,0.0392,0.0392,0.0392,0.0392,-0.0392,-0.0312,0.0312,-0.0312,0.0312,-0.0312,-0.0312,-0.0312,-0.0312,-0.0312,-0.0312,-0.0312,0.0392,-0.0312,0.0392,0.0392,-0.0312,-0.0312,0.0392,-0.0312,-0.0312
201010,0.0114,-0.0259,0.0114,0.0114,0.0114,0.0114,-0.0114,0.0114,0.0114,0.0114,0.0114,0.0114,-0.0259,-0.0259,-0.0259,0.0259,-0.0259,-0.0259,0.0259,-0.0259,-0.0259,-0.0259,0.0114,0.0114,-0.0259,0.0114,0.0114,-0.0259,-0.0259,0.0114,0.0114,-0.0259
201011,0.0371,-0.009,0.0371,0.0371,0.0371,0.0371,-0.0371,0.0371,0.0371,-0.0371,0.0371,0.0371,-0.009,-0.009,-0.009,-0.009,-0.009,-0.009,0.009,0.009,-0.009,-0.009,0.0371,0.0371,-0.009,0.0371,0.0371,0.0371,-0.009,0.0371,0.0371,-0.009
201012,0.0069,0.0382,0.0069,0.0069,0.0069,0.0069,-0.0069,0.0069,0.0069,0.0069,0.0069,-0.0069,0.0382,0.0382,0.0382,0.0382,0.0382,0.0382,-0.0382,-0.0382,0.0382,0.0382,0.0069,0.0069,0.0382,0.0069,0.0069,0.0069,0.0382,0.0069,0.0069,0.0382
201101,-0.0246,0.0083,-0.0246,-0.0246,-0.0246,-0.0246,0.0246,-0.0246,-0.0246,-0.0246,-0.0246,0.0246,0.0083,0.0083,0.0083,0.0083,0.0083,0.0083,-0.0083,-0.0083,0.0083,0.0083,0.0083,-0.0246,0.0083,-0.0246,-0.0246,-0.0246,0.0083,-0.0246,-0.0246,0.0083
201102,0.0152,0.0108,0.0152,0.0152,0.0152,0.0152,-0.0152,0.0152,0.0152,-0.0152,0.0152,-0.0152,0.0108,0.0108,0.0108,0.0108,0.0108,0.0108,-0.0108,-0.0108,0.0108,0.0108,0.0152,0.0152,0.0108,0.0152,0.0152,0.0152,0.0108,0.0152,0.0152,0.0108
201103,0.026,-0.0157,0.026,0.026,0.026,0.026,-0.026,-0.026,0.026,0.026,0.026,-0.026,-0.0157,-0.0157,-0.0157,-0.0157,-0.0157,-0.0157,0.0157,0.0157,-0.0157,-0.0157,0.026,0.026,-0.0157,0.026,0.026,-0.0157,-0.0157,-0.0157,-0.0157,-0.0157
201104,-0.0035,-0.0253,-0.0035,-0.0035,-0.0035,-0.0035,0.0035,-0.0035,-0.0035,-0.0035,-0.0035,0.0035,-0.0253,-0.0253,-0.0253,-0.0253,-0.0253,-0.0253,0.0253,0.0253,-0.0253,-0.0253,-0.0035,-0.0035,-0.0253,-0.0035,-0.0035,-0.0253,-0.0253,-0.0035,-0.0253,-0.0253
201105,-0.0071,-0.0207,-0.0071,-0.0071,-0.0071,-0.0071,0.0071,-0.0071,-0.0071,-0.0071,-0.0071,0.0071,-0.0207,0.0207,-0.0207,-0.0207,-0.0207,-0.0207,0.0207,0.0207,0.0207,-0.0207,-0.0071,-0.0071,-0.0207,-0.0071,-0.0071,-0.0071,-0.0207,-0.0071,-0.0207,-0.0207
201106,-0.0017,-0.0033,-0.0017,-0.0017,-0.0017,0.0017,0.0017,0.0017,-0.0017,-0.0017,0.0017,0.0017,-0.0033,0.0033,-0.0033,0.0033,0.0033,-0.0033,0.0033,0.0033,0.0033,-0.0033,-0.0017,-0.0017,-0.0033,-0.0017,-0.0017,-0.0017,-0.0033,-0.0017,-0.0017,-0.0033
201107,-0.013,-0.0123,-0.013,-0.013,-0.013,0.013,0.013,0.013,-0.013,-0.013,-0.013,0.013,-0.0123,-0.0123,-0.0123,0.0123,0.0123,-0.0123,0.0123,0.0123,0.0123,-0.0123,-0.013,-0.013,-0.0123,-0.013,-0.013,-0.013,-0.0123,-0.013,-0.0123,-0.0123
201108,-0.0306,-0.0244,-0.0306,-0.0306,-0.0306,0.0306,0.0306,0.0306,-0.0306,-0.0306,0.0306,0.0306,-0.0244,0.0244,-0.0244,0.0244,0.0244,0.0244,0.0244,-0.0244,0.0244,-0.0244,-0.0306,-0.0306,-0.0244,-0.0306,-0.0306,-0.0306,-0.0244,-0.0244,-0.0244,-0.0244
201109,-0.0349,-0.0146,-0.0349,-0.0349,-0.0349,0.0349,0.0349,0.0349,-0.0349,-0.0349,-0.0349,0.0349,0.0146,0.0146,-0.0146,0.0146,0.0146,-0.0146,0.0146,0.0146,0.0146,-0.0146,-0.0349,-0.0349,-0.0146,-0.0349,-0.0349,-0.0349,-0.0146,-0.0349,-0.0146,-0.0349
201110,0.0341,-0.0017,-0.0341,-0.0341,0.0341,-0.0341,-0.0341,0.0341,-0.0341,0.0341,0.0341,-0.0341,0.0017,0.0017,-0.0017,0.0017,0.0017,0.0017,0.0017,0.0017,0.0017,0.0017,0.0341,0.0341,-0.0017,0.0341,0.0341,0.0341,-0.0017,-0.0017,-0.0017,0.0341
201111,-0.0017,-0.0034,-0.0017,-0.0017,-0.0017,-0.0017,0.0017,-0.0017,0.0017,0.0017,-0.0017,0.0017,0.0034,0.0034,-0.0034,0.0034,0.0034,-0.0034,0.0034,0.0034,0.0034,0.0034,-0.0017,-0.0017,-0.0034,-0.0017,-0.0034,-0.0034,-0.0034,-0.0034,-0.0017,-0.0017
201112,-0.0071,0.0175,-0.0071,-0.0071,-0.0071,-0.0071,0.0071,-0.0071,0.0071,-0.0071,-0.0071,0.0071,-0.0175,-0.0175,0.0175,-0.0175,-0.0175,-0.0175,-0.0175,-0.0175,-0.0175,-0.0175,-0.0071,-0.0071,0.0175,-0.0071,0.0175,0.0175,0.0175,-0.0071,-0.0071,-0.0071
201201,0.0215,-0.0111,0.0215,0.0215,0.0215,0.0215,-0.0215,0.0215,-0.0215,-0.0215,-0.0215,0.0215,0.0111,0.0111,-0.0111,0.0111,0.0111,0.0111,0.0111,0.0111,0.0111,0.0111,0.0215,0.0215,-0.0111,0.0215,-0.0111,-0.0111,0.0215,0.0215,0.0215,0.0215
201202,-0.0175,0.0009,-0.0175,-0.0175,-0.0175,-0.0175,0.0175,-0.0175,0.0175,0.0175,0.0175,-0.0175,-0.0009,-0.0009,0.0009,-0.0009,-0.0009,-0.0009,-0.0009,-0.0009,-0.0009,-0.0009,-0.0175,-0.0175,0.0009,-0.0175,0.0009,0.0009,-0.0175,-0.0175,0.0009,-0.0175
201203,-0.006,0.0087,-0.006,-0.006,-0.006,-0.006,0.006,0.006,0.006,-0.006,0.006,-0.006,-0.0087,-0.0087,0.0087,-0.0087,-0.0087,-0.0087,-0.0087,-0.0087,0.0087,-0.0087,-0.006,-0.006,0.0087,-0.006,0.0087,0.0087,-0.006,-0.006,-0.006,-0.006
201204,-0.0051,-0.0046,-0.0051,-0.0051,-0.0051,-0.0051,0.0051,-0.0051,0.0051,0.0051,-0.0051,-0.0051,0.0046,0.0046,-0.0046,0.0046,0.0046,0.0046,0.0046,0.0046,-0.0046,0.0046,-0.0051,-0.0051,-0.0046,-0.0051,-0.0046,-0.0051,-0.0051,-0.0046,-0.0051,-0.0051
201205,0.0002,-0.0062,0.0002,0.0002,0.0002,-0.0002,-0.0002,0.0002,-0.0002,-0.0002,0.0002,0.0002,0.0062,0.0062,-0.0062,0.0062,0.0062,0.0062,0.0062,0.0062,-0.0062,0.0062,0.0002,0.0002,-0.0062,0.0002,-0.0062,-0.0062,0.0002,-0.0062,-0.0062,0.0002
201206,0.0077,0.0044,0.0077,-0.0077,-0.0077,-0.0077,-0.0077,0.0077,0.0077,-0.0077,-0.0077,0.0077,-0.0044,-0.0044,0.0044,-0.0044,0.0044,-0.0044,-0.0044,-0.0044,-0.0044,-0.0044,0.0077,0.0077,0.0044,0.0077,0.0077,0.0077,0.0077,0.0044,0.0077,0.0077
201207,-0.0259,-0.0026,-0.0259,-0.0259,-0.0259,-0.0259,0.0259,0.0259,-0.0259,0.0259,0.0259,-0.0259,0.0026,0.0026,-0.0026,0.0026,-0.0026,0.0026,0.0026,0.0026,0.0026,0.0026,-0.0259,-0.0259,-0.0026,-0.0259,-0.0259,-0.0026,-0.0259,-0.0026,-0.0259,-0.0259
201208,0.0042,0.0132,0.0042,0.0042,0.0042,-0.0042,-0.0042,0.0042,0.0042,-0.0042,-0.0042,0.0042,-0.0132,-0.0132,0.0132,-0.0132,0.0132,-0.0132,-0.0132,-0.0132,-0.0132,-0.0132,0.0042,0.0042,0.0132,0.0042,0.0042,0.0042,0.0042,0.0132,0.0042,0.0042
201209,0.0051,0.0154,0.0051,0.0051,0.0051,-0.0051,-0.0051,-0.0051,0.0051,-0.0051,-0.0051,0.0051,-0.0154,-0.0154,0.0154,-0.0154,0.0154,0.0154,-0.0154,-0.0154,-0.0154,-0.0154,0.0051,0.0051,0.0154,0.0051,0.0051,0.0154,0.0051,0.0051,0.0051,0.0051
201210,-0.0114,0.0379,-0.0114,-0.0114,-0.0114,0.0114,0.0114,0.0114,-0.0114,-0.0114,-0.0114,-0.0114,0.0379,0.0379,0.0379,-0.0379,0.0379,-0.0379,0.0379,-0.0379,-0.0379,-0.0379,-0.0114,0.0379,0.0379,-0.0114,-0.0114,0.0379,0.0379,-0.0114,-0.0114,0.0379
201211,0.0058,-0.0096,0.0058,0.0058,-0.0058,-0.0058,-0.0058,-0.0058,0.0058,0.0058,0.0058,0.0058,-0.0096,-0.0096,-0.0096,0.0096,-0.0096,-0.0096,-0.0096,0.0096,-0.0096,0.0096,-0.0096,-0.0096,-0.0096,-0.0096,0.0058,-0.0096,0.0058,0.0058,-0.0096,-0.0096
201212,0.0147,0.0356,0.0147,0.0147,0.0147,-0.0147,-0.0147,0.0147,0.0147,0.0147,0.0147,0.0147,-0.0356,-0.0356,0.0356,0.0356,0.0356,-0.0356,0.0356,-0.0356,0.0356,-0.0356,0.0147,0.0147,0.0356,0.0147,0.0147,0.0356,0.0147,0.0147,0.0147,0.0356
201301,0.0039,0.0095,0.0039,0.0039,0.0039,-0.0039,-0.0039,0.0039,0.0039,0.0039,0.0039,0.0039,0.0095,0.0095,0.0095,0.0095,0.0095,-0.0095,0.0095,-0.0095,-0.0095,-0.0095,0.0039,0.0095,0.0095,0.0095,0.0039,0.0039,0.0095,0.0039,0.0095,0.0095
201302,-0.0045,0.0003,-0.0045,-0.0045,-0.0045,-0.0045,0.0045,0.0045,-0.0045,0.0045,-0.0045,-0.0045,0.0003,0.0003,0.0003,0.0003,0.0003,-0.0003,0.0003,-0.0003,-0.0003,0.0003,-0.0045,-0.0045,0.0003,-0.0045,-0.0045,0.0003,0.0003,0.0003,-0.0045,0.0003
201303,0.0078,-0.0029,0.0078,0.0078,0.0078,-0.0078,-0.0078,0.0078,0.0078,0.0078,0.0078,0.0078,0.0029,-0.0029,-0.0029,-0.0029,-0.0029,-0.0029,-0.0029,0.0029,0.0029,-0.0029,0.0078,0.0078,-0.0029,0.0078,0.0078,0.0078,-0.0029,0.0078,0.0078,-0.0029
201304,-0.0242,0.0063,-0.0242,-0.0242,-0.0242,0.0242,0.0242,-0.0242,-0.0242,-0.0242,-0.0242,-0.0242,0.0063,0.0063,0.0063,0.0063,0.0063,-0.0063,0.0063,-0.0063,-0.0063,0.0063,-0.0242,-0.0242,0.0063,-0.0242,-0.0242,-0.0242,0.0063,-0.0242,-0.0242,0.0063
201305,0.0167,0.026,0.0167,0.0167,0.0167,-0.0167,-0.0167,0.0167,0.0167,-0.0167,0.0167,0.0167,0.026,0.026,0.026,0.026,0.026,0.026,0.026,-0.026,0.026,0.026,0.0167,0.0167,0.026,0.0167,0.0167,0.026,0.026,0.0167,0.0167,0.026
201306,0.0122,-0.0018,0.0122,0.0122,0.0122,0.0122,0.0122,0.0122,0.0122,-0.0122,-0.0122,0.0122,-0.0018,-0.0018,-0.0018,-0.0018,-0.0018,0.0018,-0.0018,0.0018,-0.0018,-0.0018,0.0122,-0.0018,-0.0018,-0.0018,0.0122,-0.0018,-0.0018,-0.0018,-0.0018,-0.0018
201307,0.0186,0.0056,0.0186,0.0186,0.0186,0.0186,0.0186,0.0186,0.0186,0.0186,0.0186,0.0186,-0.0056,0.0056,0.0056,-0.0056,0.0056,-0.0056,0.0056,-0.0056,0.0056,0.0056,0.0186,0.0186,0.0056,0.0056,0.0186,0.0056,0.0056,0.0056,0.0056,0.0056
201308,0.003,-0.0278,0.003,0.003,0.003,0.003,0.003,-0.003,0.003,-0.003,0.003,0.003,-0.0278,-0.0278,-0.0278,-0.0278,-0.0278,0.0278,-0.0278,0.0278,-0.0278,-0.0278,0.003,0.003,-0.0278,0.003,0.003,-0.0278,-0.0278,-0.0278,-0.0278,-0.0278
201309,0.0293,-0.0119,0.0293,0.0293,-0.0293,-0.0293,0.0293,0.0293,0.0293,-0.0293,-0.0293,0.0293,-0.0119,-0.0119,-0.0119,0.0119,-0.0119,-0.0119,-0.0119,0.0119,-0.0119,-0.0119,0.0293,0.0293,-0.0119,-0.0119,0.0293,-0.0119,-0.0119,0.0293,0.0293,-0.0119
201310,-0.0149,0.0114,-0.0149,-0.0149,-0.0149,-0.0149,-0.0149,0.0149,-0.0149,0.0149,-0.0149,-0.0149,0.0114,0.0114,0.0114,0.0114,0.0114,0.0114,0.0114,0.0114,0.0114,0.0114,-0.0149,-0.0149,0.0114,-0.0149,-0.0149,0.0114,-0.0149,0.0114,0.0114,-0.0149
201311,0.0124,0.0024,0.0124,0.0124,0.0124,0.0124,0.0124,0.0124,0.0124,-0.0124,0.0124,0.0124,0.0024,0.0024,0.0024,0.0024,0.0024,0.0024,-0.0024,0.0024,0.0024,0.0024,0.0124,0.0124,0.0024,0.0024,0.0124,0.0024,0.0124,0.0024,0.0024,0.0124
201312,-0.005,-0.0031,-0.005,-0.005,-0.005,-0.005,-0.005,0.005,-0.005,0.005,0.005,-0.005,-0.0031,-0.0031,-0.0031,-0.0031,-0.0031,-0.0031,-0.0031,-0.0031,-0.0031,-0.0031,-0.005,-0.005,-0.0031,-0.0031,-0.005,-0.0031,-0.0031,-0.005,-0.0031,-0.0031
201401,0.0086,-0.0209,0.0086,0.0086,0.0086,0.0086,0.0086,-0.0086,0.0086,-0.0086,0.0086,0.0086,-0.0209,-0.0209,-0.0209,-0.0209,-0.0209,-0.0209,-0.0209,-0.0209,-0.0209,-0.0209,0.0086,0.0086,-0.0209,-0.0209,0.0086,-0.0209,-0.0209,-0.0209,-0.0209,-0.0209
201402,0.0032,-0.004,0.0032,0.0032,-0.0032,0.0032,0.0032,0.0032,0.0032,0.0032,0.0032,0.0032,-0.004,-0.004,-0.004,0.004,-0.004,-0.004,-0.004,-0.004,-0.004,-0.004,0.0032,0.0032,-0.004,-0.004,0.0032,-0.004,-0.004,-0.004,-0.004,-0.004
201403,-0.0189,0.0508,-0.0189,-0.0189,-0.0189,-0.0189,-0.0189,0.0189,-0.0189,-0.0189,-0.0189,-0.0189,0.0508,0.0508,0.0508,0.0508,0.0508,0.0508,0.0508,0.0508,-0.0508,0.0508,-0.0189,-0.0189,0.0508,-0.0189,-0.0189,0.0508,0.0508,0.0508,0.0508,0.0508
201404,-0.0425,0.0114,-0.0425,-0.0425,0.0425,-0.0425,-0.0425,-0.0425,-0.0425,0.0425,0.0425,-0.0425,0.0114,0.0114,0.0114,0.0114,0.0114,0.0114,0.0114,0.0114,-0.0114,-0.0114,0.0114,0.0114,0.0114,0.0114,-0.0425,0.0114,0.0114,0.0114,0.0114,0.0114
201405,-0.0185,-0.0027,-0.0185,-0.0185,0.0185,-0.0185,-0.0185,-0.0185,-0.0185,-0.0185,-0.0185,-0.0185,-0.0027,-0.0027,-0.0027,-0.0027,-0.0027,-0.0027,-0.0027,-0.0027,-0.0027,0.0027,-0.0185,-0.0185,-0.0027,-0.0027,-0.0185,-0.0027,-0.0027,-0.0027,-0.0027,-0.0027
201406,0.0307,-0.0074,0.0307,0.0307,0.0307,0.0307,-0.0307,-0.0307,0.0307,0.0307,0.0307,0.0307,-0.0074,-0.0074,-0.0074,0.0074,0.0074,-0.0074,-0.0074,-0.0074,-0.0074,0.0074,0.0307,0.0307,-0.0074,0.0307,0.0307,-0.0074,-0.0074,0.0307,0.0307,-0.0074
201407,-0.0424,0.0001,-0.0424,-0.0424,-0.0424,-0.0424,0.0424,0.0424,-0.0424,0.0424,0.0424,0.0424,0.0001,0.0001,0.0001,0.0001,-0.0001,-0.0001,0.0001,-0.0001,-0.0001,-0.0001,-0.0424,-0.0424,0.0001,0.0001,-0.0424,0.0001,0.0001,-0.0424,-0.0424,0.0001
201408,0.0036,-0.0058,0.0036,0.0036,-0.0036,-0.0036,-0.0036,-0.0036,0.0036,0.0036,0.0036,0.0036,0.0058,0.0058,-0.0058,0.0058,0.0058,0.0058,-0.0058,0.0058,0.0058,0.0058,0.0036,0.0036,-0.0058,-0.0058,0.0036,-0.0058,-0.0058,0.0036,0.0036,0.0036
201409,-0.0383,-0.0123,-0.0383,-0.0383,-0.0383,-0.0383,0.0383,-0.0383,-0.0383,0.0383,0.0383,-0.0383,0.0123,0.0123,-0.0123,0.0123,0.0123,0.0123,-0.0123,0.0123,0.0123,0.0123,-0.0383,-0.0383,-0.0123,-0.0383,-0.0383,-0.0383,-0.0123,-0.0383,-0.0383,-0.0383
201410,0.0423,-0.0168,0.0423,0.0423,0.0423,-0.0423,-0.0423,-0.0423,0.0423,0.0423,0.0423,0.0423,0.0168,0.0168,-0.0168,0.0168,0.0168,0.0168,0.0168,0.0168,-0.0168,0.0168,0.0423,0.0423,-0.0168,0.0423,0.0423,-0.0168,-0.0168,0.0423,0.0423,0.0423
201411,-0.0209,-0.0299,-0.0209,-0.0209,-0.0209,-0.0209,0.0209,-0.0209,-0.0209,-0.0209,0.0209,-0.0209,0.0299,0.0299,-0.0299,0.0299,0.0299,-0.0299,0.0299,-0.0299,-0.0299,0.0299,-0.0209,-0.0209,-0.0299,-0.0209,-0.0209,-0.0299,-0.0299,-0.0209,-0.0299,-0.0209
201412,0.0254,0.0206,0.0254,0.0254,0.0254,0.0254,-0.0254,0.0254,-0.0254,-0.0254,-0.0254,0.0254,-0.0206,-0.0206,0.0206,-0.0206,-0.0206,-0.0206,-0.0206,0.0206,0.0206,-0.0206,0.0254,0.0254,0.0206,0.0254,0.0254,0.0206,0.0206,0.0206,0.0254,0.0254
201501,-0.0056,-0.0347,-0.0056,-0.0056,-0.0056,0.0056,0.0056,-0.0056,0.0056,0.0056,0.0056,-0.0056,0.0347,0.0347,-0.0347,0.0347,0.0347,0.0347,0.0347,-0.0347,-0.0347,0.0347,-0.0056,-0.0056,-0.0347,-0.0347,-0.0056,-0.0347,-0.0347,-0.0056,-0.0056,-0.0056
201502,0.0048,-0.0179,0.0048,0.0048,-0.0048,-0.0048,-0.0048,-0.0048,-0.0048,0.0048,0.0048,0.0048,0.0179,0.0179,-0.0179,0.0179,0.0179,0.0179,0.0179,0.0179,0.0179,0.0179,0.0048,0.0048,-0.0179,0.0048,0.0048,0.0048,-0.0179,0.0048,-0.0179,0.0048
201503,0.0302,-0.0046,0.0302,0.0302,0.0302,0.0302,-0.0302,0.0302,-0.0302,0.0302,-0.0302,0.0302,0.0046,0.0046,-0.0046,0.0046,0.0046,-0.0046,0.0046,0.0046,-0.0046,0.0046,0.0302,0.0302,-0.0046,0.0302,0.0302,-0.0046,-0.0046,0.0302,0.0302,0.0302
201504,-0.0297,0.0186,-0.0297,-0.0297,0.0297,0.0297,0.0297,-0.0297,0.0297,-0.0297,-0.0297,-0.0297,-0.0186,-0.0186,0.0186,-0.0186,-0.0186,-0.0186,-0.0186,0.0186,0.0186,0.0186,-0.0297,-0.0297,0.0186,0.0186,-0.0297,0.0186,0.0186,-0.0297,0.0186,-0.0297
201505,0.0087,-0.0137,0.0087,0.0087,0.0087,0.0087,-0.0087,-0.0087,-0.0087,0.0087,0.0087,0.0087,0.0137,0.0137,-0.0137,0.0137,0.0137,0.0137,0.0137,-0.0137,-0.0137,-0.0137,0.0087,0.0087,-0.0137,-0.0137,0.0087,-0.0137,-0.0137,0.0087,0.0087,0.0087
201506,0.0283,-0.0079,0.0283,0.0283,-0.0283,-0.0283,-0.0283,-0.0283,-0.0283,0.0283,0.0283,0.0283,0.0079,0.0079,-0.0079,0.0079,-0.0079,0.0079,0.0079,0.0079,0.0079,-0.0079,0.0283,0.0283,-0.0079,0.0283,0.0283,-0.0079,-0.0079,0.0283,0.0283,0.0283
201507,-0.0414,-0.0412,0.0414,-0.0414,0.0414,0.0414,0.0414,0.0414,0.0414,-0.0414,-0.0414,-0.0414,0.0412,0.0412,-0.0412,0.0412,-0.0412,0.0412,-0.0412,0.0412,0.0412,-0.0412,-0.0414,-0.0414,-0.0412,-0.0414,-0.0414,-0.0412,-0.0412,-0.0414,-0.0414,-0.0414
201508,0.0048,0.0268,0.0048,0.0048,0.0048,-0.0048,-0.0048,0.0048,-0.0048,0.0048,0.0048,0.0048,-0.0268,-0.0268,0.0268,-0.0268,0.0268,-0.0268,0.0268,-0.0268,-0.0268,0.0268,0.0048,0.0048,0.0268,0.0048,0.0048,0.0048,0.0268,0.0048,0.0048,0.0048
201509,-0.0264,0.0052,0.0264,0.0264,0.0264,0.0264,0.0264,-0.0264,0.0264,-0.0264,-0.0264,-0.0264,-0.0052,-0.0052,0.0052,-0.0052,0.0052,-0.0052,0.0052,-0.0052,-0.0052,-0.0052,0.0052,0.0052,0.0052,-0.0264,-0.0264,-0.0264,0.0052,-0.0264,-0.0264,-0.0264
201510,-0.0197,-0.0008,-0.0197,-0.0197,0.0197,0.0197,0.0197,-0.0197,-0.0197,-0.0197,-0.0197,-0.0197,0.0008,0.0008,-0.0008,0.0008,-0.0008,0.0008,0.0008,0.0008,0.0008,0.0008,-0.0197,-0.0197,-0.0008,-0.0197,-0.0197,-0.0197,-0.0197,-0.0197,-0.0197,-0.0197
201511,0.0364,-0.0052,0.0364,0.0364,0.0364,0.0364,-0.0364,0.0364,0.0364,0.0364,0.0364,0.0364,0.0052,0.0052,-0.0052,0.0052,-0.0052,0.0052,0.0052,-0.0052,0.0052,0.0052,0.0364,0.0364,-0.0052,0.0364,0.0364,-0.0052,0.0364,0.0364,0.0364,0.0364
201512,-0.0282,-0.0258,-0.0282,-0.0282,0.0282,0.0282,0.0282,0.0282,-0.0282,-0.0282,-0.0282,-0.0282,0.0258,0.0258,-0.0258,0.0258,-0.0258,0.0258,0.0258,0.0258,0.0258,0.0258,-0.0282,-0.0282,-0.0258,-0.0282,-0.0282,-0.0258,-0.0282,-0.0282,-0.0282,-0.0282
201601,-0.0336,0.021,-0.0336,-0.0336,-0.0336,-0.0336,0.0336,-0.0336,-0.0336,0.0336,0.0336,-0.0336,-0.021,-0.021,0.021,-0.021,0.021,-0.021,-0.021,0.021,0.021,-0.021,-0.0336,-0.0336,0.021,-0.0336,-0.0336,-0.0336,-0.0336,0.021,0.021,-0.0336
201602,0.0078,-0.0048,0.0078,0.0078,-0.0078,-0.0078,-0.0078,0.0078,0.0078,-0.0078,0.0078,0.0078,0.0048,0.0048,-0.0048,0.0048,0.0048,0.0048,0.0048,0.0048,-0.0048,0.0048,0.0078,0.0078,-0.0048,0.0078,0.0078,0.0078,0.0078,0.0078,-0.0048,0.0078
201603,0.0087,0.0112,0.0087,0.0087,0.0087,0.0087,-0.0087,-0.0087,0.0087,-0.0087,0.0087,0.0087,-0.0112,-0.0112,0.0112,-0.0112,-0.0112,-0.0112,-0.0112,-0.0112,0.0112,-0.0112,0.0087,0.0087,0.0112,0.0087,0.0087,0.0112,0.0087,0.0112,0.0112,0.0087
201604,0.0068,0.0326,0.0068,0.0068,0.0068,0.0068,-0.0068,0.0068,0.0068,-0.0068,0.0068,0.0068,-0.0326,-0.0326,0.0326,-0.0326,0.0326,-0.0326,-0.0326,-0.0326,-0.0326,-0.0326,0.0068,0.0068,0.0326,0.0068,0.0068,0.0068,0.0068,0.0068,0.0326,0.0068
201605,-0.0026,-0.0181,-0.0026,-0.0026,-0.0026,-0.0026,0.0026,0.0026,-0.0026,0.0026,-0.0026,-0.0026,-0.0181,0.0181,-0.0181,0.0181,-0.0181,0.0181,0.0181,-0.0181,-0.0181,0.0181,-0.0026,-0.0181,-0.0181,-0.0026,-0.0026,-0.0181,-0.0026,-0.0181,-0.0181,-0.0026
201606,0.0065,-0.0149,0.0065,0.0065,0.0065,0.0065,0.0065,0.0065,0.0065,-0.0065,0.0065,0.0065,0.0149,0.0149,-0.0149,0.0149,0.0149,0.0149,0.0149,0.0149,0.0149,0.0149,0.0065,0.0065,-0.0149,-0.0149,0.0065,-0.0149,0.0065,-0.0149,-0.0149,0.0065
201607,0.0265,-0.0113,0.0265,0.0265,0.0265,0.0265,0.0265,0.0265,0.0265,0.0265,0.0265,0.0265,0.0113,0.0113,-0.0113,0.0113,0.0113,0.0113,0.0113,0.0113,0.0113,0.0113,0.0265,0.0265,-0.0113,-0.0113,0.0265,-0.0113,0.0265,0.0265,-0.0113,0.0265
201608,0.0115,0.0331,0.0115,0.0115,0.0115,0.0115,0.0115,0.0115,0.0115,-0.0115,0.0115,0.0115,-0.0331,-0.0331,0.0331,0.0331,-0.0331,-0.0331,-0.0331,-0.0331,-0.0331,-0.0331,0.0115,0.0115,0.0331,0.0331,0.0115,0.0331,0.0115,0.0331,0.0115,0.0115
201609,0.0202,-0.0148,0.0202,0.0202,0.0202,-0.0202,0.0202,-0.0202,0.0202,-0.0202,0.0202,0.0202,-0.0148,-0.0148,-0.0148,0.0148,0.0148,0.0148,0.0148,0.0148,-0.0148,0.0148,-0.0148,-0.0148,-0.0148,-0.0148,0.0202,-0.0148,0.0202,-0.0148,-0.0148,0.0202
201610,-0.0437,0.0418,-0.0437,-0.0437,-0.0437,0.0437,-0.0437,-0.0437,-0.0437,-0.0437,0.0437,-0.0437,-0.0418,-0.0418,0.0418,0.0418,-0.0418,-0.0418,0.0418,0.0418,0.0418,0.0418,-0.0437,0.0418,0.0418,0.0418,-0.0437,0.0418,-0.0437,0.0418,0.0418,-0.0437
201611,0.0549,0.0827,0.0549,0.0549,-0.0549,-0.0549,0.0549,-0.0549,0.0549,0.0549,0.0549,0.0549,0.0827,0.0827,0.0827,-0.0827,-0.0827,0.0827,0.0827,-0.0827,-0.0827,-0.0827,0.0827,0.0827,0.0827,0.0827,0.0549,0.0827,0.0549,0.0549,0.0827,0.0549
201612,0.0007,0.036,0.0007,0.0007,0.0007,0.0007,0.0007,-0.0007,0.0007,0.0007,0.0007,0.0007,0.036,0.036,0.036,-0.036,-0.036,-0.036,0.036,0.036,-0.036,0.036,0.036,0.036,0.036,0.036,0.0007,0.0007,0.0007,0.036,0.036,0.0007
201701,-0.0102,-0.0278,-0.0102,-0.0102,-0.0102,-0.0102,-0.0102,0.0102,-0.0102,-0.0102,-0.0102,-0.0102,-0.0278,-0.0278,-0.0278,-0.0278,0.0278,-0.0278,-0.0278,0.0278,0.0278,-0.0278,-0.0278,-0.0278,-0.0278,-0.0278,-0.0102,-0.0278,-0.0102,-0.0102,-0.0102,-0.0102
201702,-0.02,-0.018,-0.02,-0.02,-0.02,-0.02,-0.02,0.02,-0.02,-0.02,-0.02,-0.02,-0.018,-0.018,-0.018,0.018,0.018,0.018,-0.018,0.018,-0.018,-0.018,-0.02,-0.018,-0.018,-0.018,-0.02,-0.02,-0.02,-0.02,-0.02,-0.02
201703,0.0119,-0.0318,0.0119,0.0119,0.0119,0.0119,0.0119,0.0119,0.0119,0.0119,0.0119,0.0119,-0.0318,-0.0318,-0.0318,0.0318,0.0318,0.0318,-0.0318,0.0318,0.0318,-0.0318,0.0119,-0.0318,-0.0318,-0.0318,0.0119,0.0119,-0.0318,0.0119,0.0119,0.0119
201704,0.0073,-0.019,0.0073,0.0073,0.0073,-0.0073,0.0073,-0.0073,0.0073,0.0073,-0.0073,-0.0073,0.019,-0.019,-0.019,0.019,-0.019,0.019,-0.019,0.019,0.019,-0.019,0.0073,-0.019,-0.019,-0.019,0.0073,-0.019,0.0073,0.0073,-0.019,0.0073
201705,-0.0255,-0.0378,-0.0255,-0.0255,-0.0255,0.0255,-0.0255,0.0255,-0.0255,-0.0255,0.0255,0.0255,0.0378,0.0378,-0.0378,0.0378,-0.0378,0.0378,-0.0378,0.0378,0.0378,-0.0378,-0.0255,-0.0378,-0.0378,-0.0378,-0.0255,-0.0378,-0.0255,-0.0255,-0.0378,-0.0255
201706,0.0216,0.0132,0.0216,0.0216,0.0216,0.0216,0.0216,0.0216,0.0216,-0.0216,0.0216,-0.0216,-0.0132,-0.0132,0.0132,-0.0132,-0.0132,-0.0132,0.0132,-0.0132,-0.0132,0.0132,0.0216,0.0132,0.0132,0.0216,0.0216,0.0216,0.0216,0.0216,0.0216,0.0216
201707,-0.014,-0.0028,-0.014,-0.014,-0.014,-0.014,-0.014,-0.014,-0.014,-0.014,0.014,0.014,-0.0028,-0.0028,-0.0028,0.0028,0.0028,0.0028,-0.0028,-0.0028,0.0028,-0.0028,-0.014,-0.0028,-0.0028,-0.014,-0.014,-0.014,-0.014,-0.014,-0.0028,-0.014
201708,-0.0169,-0.0224,-0.0169,-0.0169,-0.0169,-0.0169,-0.0169,0.0169,0.0169,0.0169,0.0169,0.0169,0.0224,0.0224,-0.0224,0.0224,0.0224,0.0224,-0.0224,-0.0224,-0.0224,-0.0224,-0.0169,-0.0224,-0.0224,-0.0169,-0.0169,-0.0169,-0.0169,-0.0224,-0.0224,-0.0169
201709,0.0454,0.0303,0.0454,0.0454,0.0454,0.0454,0.0454,0.0454,-0.0454,-0.0454,-0.0454,-0.0454,-0.0303,-0.0303,0.0303,-0.0303,-0.0303,-0.0303,0.0303,0.0303,0.0303,0.0303,0.0454,0.0303,0.0303,0.0454,0.0454,0.0454,0.0454,0.0454,0.0303,0.0454
201710,-0.0194,-0.0006,-0.0194,-0.0194,-0.0194,-0.0194,-0.0194,-0.0194,0.0194,-0.0194,0.0194,0.0194,-0.0006,0.0006,-0.0006,0.0006,0.0006,0.0006,0.0006,-0.0006,-0.0006,0.0006,-0.0194,-0.0006,-0.0006,-0.0194,-0.0194,-0.0006,-0.0194,-0.0006,-0.0006,-0.0194
201711,-0.0066,-0.0005,-0.0066,-0.0066,-0.0066,-0.0066,-0.0066,0.0066,0.0066,-0.0066,-0.0066,0.0066,0.0005,0.0005,-0.0005,0.0005,0.0005,0.0005,0.0005,-0.0005,-0.0005,0.0005,-0.0066,-0.0066,-0.0005,-0.0066,-0.0066,-0.0066,-0.0066,-0.0005,-0.0005,-0.0066
201712,-0.0126,0.0014,-0.0126,-0.0126,-0.0126,-0.0126,-0.0126,-0.0126,0.0126,-0.0126,-0.0126,0.0126,-0.0014,-0.0014,0.0014,-0.0014,-0.0014,-0.0014,-0.0014,0.0014,0.0014,-0.0014,-0.0126,-0.0126,0.0014,-0.0126,-0.0126,-0.0126,-0.0126,0.0014,0.0014,-0.0126
201801,-0.0303,-0.0137,-0.0303,-0.0303,-0.0303,-0.0303,-0.0303,0.0303,0.0303,0.0303,-0.0303,0.0303,0.0137,0.0137,-0.0137,0.0137,0.0137,0.0137,0.0137,-0.0137,0.0137,0.0137,-0.0303,-0.0303,-0.0137,-0.0303,-0.0303,-0.0303,-0.0303,-0.0137,-0.0137,-0.0303
201802,0.0028,-0.0119,0.0028,0.0028,0.0028,0.0028,0.0028,0.0028,-0.0028,0.0028,0.0028,-0.0028,0.0119,0.0119,-0.0119,0.0119,0.0119,0.0119,0.0119,-0.0119,-0.0119,0.0119,0.0028,0.0028,-0.0119,0.0028,0.0028,0.0028,0.0028,0.0028,-0.0119,0.0028
201803,0.0393,-0.0011,0.0393,0.0393,0.0393,-0.0393,0.0393,-0.0393,-0.0393,0.0393,0.0393,-0.0393,0.0011,0.0011,-0.0011,0.0011,0.0011,0.0011,0.0011,-0.0011,-0.0011,0.0011,0.0393,0.0393,-0.0011,0.0393,0.0393,0.0393,0.0393,0.0393,-0.0011,0.0393
201804,0.0109,0.0053,0.0109,-0.0109,0.0109,-0.0109,0.0109,-0.0109,-0.0109,-0.0109,-0.0109,-0.0109,-0.0053,-0.0053,0.0053,-0.0053,-0.0053,-0.0053,-0.0053,-0.0053,-0.0053,-0.0053,0.0109,0.0109,0.0053,0.0109,0.0109,0.0053,0.0109,0.0109,0.0053,0.0109
201805,0.0524,-0.0316,0.0524,0.0524,0.0524,0.0524,0.0524,-0.0524,-0.0524,-0.0524,-0.0524,-0.0524,0.0316,0.0316,-0.0316,0.0316,0.0316,0.0316,0.0316,-0.0316,-0.0316,0.0316,0.0524,0.0524,-0.0316,-0.0316,0.0524,0.0524,0.0524,0.0524,0.0524,0.0524
201806,0.0117,-0.0239,0.0117,0.0117,0.0117,0.0117,-0.0117,-0.0117,-0.0117,-0.0117,0.0117,-0.0117,0.0239,0.0239,0.0239,0.0239,-0.0239,0.0239,0.0239,-0.0239,-0.0239,0.0239,0.0117,0.0117,-0.0239,0.0117,-0.0239,-0.0239,0.0117,0.0117,0.0117,0.0117
201807,-0.0215,0.0039,-0.0215,-0.0215,-0.0215,0.0215,0.0215,-0.0215,0.0215,0.0215,0.0215,0.0215,-0.0039,-0.0039,-0.0039,-0.0039,0.0039,-0.0039,-0.0039,0.0039,0.0039,-0.0039,-0.0215,-0.0215,0.0039,-0.0215,0.0039,-0.0215,-0.0215,0.0039,0.0039,-0.0215
201808,0.0123,-0.0412,0.0123,0.0123,0.0123,0.0123,-0.0123,-0.0123,-0.0123,0.0123,0.0123,-0.0123,0.0412,0.0412,0.0412,0.0412,-0.0412,0.0412,0.0412,-0.0412,-0.0412,0.0412,0.0123,0.0123,-0.0412,0.0123,-0.0412,0.0123,0.0123,0.0123,0.0123,0.0123
201809,-0.0237,-0.0135,-0.0237,-0.0237,-0.0237,0.0237,0.0237,0.0237,-0.0237,-0.0237,0.0237,0.0237,0.0135,0.0135,0.0135,0.0135,-0.0135,-0.0135,0.0135,0.0135,-0.0135,0.0135,-0.0237,-0.0237,-0.0135,-0.0237,-0.0135,-0.0237,-0.0237,-0.0237,-0.0237,-0.0237
